Sample,Amino Acid Change,Position,AF,Change,Protein,NucleotideChange,LetterChange,Syn,Depth,Passage,NucCorrect,AminoCorrect,MatPeptide
250D5_R.trim.fastq.gz,nucleoprotein_N R195R,616,8.04,R195R,nucleoprotein_N,G585A,G to A,synonymous SNV,560,5,G585A,R195R,-
250D5_R.trim.fastq.gz,nucleoprotein_N L380F,1169,1.06,L380F,nucleoprotein_N,C1138T,C to T,nonsynonymous SNV,282,5,C1138T,L380F,-
250D5_R.trim.fastq.gz,nucleoprotein_N E458K,1403,1.2,E458K,nucleoprotein_N,G1372A,G to A,nonsynonymous SNV,83,5,G1372A,E458K,-
250D5_R.trim.fastq.gz,phosphoprotein_P T220A,2226,1.36,T220A,phosphoprotein_P,A658G,A to G,nonsynonymous SNV,367,5,A658G,T220A,-
250D5_R.trim.fastq.gz,phosphoprotein_P P294L,2449,2.79,P294L,phosphoprotein_P,C881T,C to T,nonsynonymous SNV,430,5,C881T,P294L,-
250D5_R.trim.fastq.gz,phosphoprotein_P E496G,3055,1.6,E496G,phosphoprotein_P,A1487G,A to G,nonsynonymous SNV,125,5,A1487G,E496G,-
250D5_R.trim.fastq.gz,phosphoprotein_P T505S,3081,1.2,T505S,phosphoprotein_P,A1513T,A to T,nonsynonymous SNV,83,5,A1513T,T505S,-
250D5_R.trim.fastq.gz,matrix_protein_M M91L,3470,100,M91L,matrix_protein_M,A271T,A to T,nonsynonymous SNV,218,5,A271T,M91L,-
250D5_R.trim.fastq.gz,matrix_protein_M Y232C,3894,1.08,Y232C,matrix_protein_M,A695G,A to G,nonsynonymous SNV,186,5,A695G,Y232C,-
250D5_R.trim.fastq.gz,matrix_protein_M L239L,3914,1.01,L239L,matrix_protein_M,C715T,C to T,synonymous SNV,198,5,C715T,L239L,-
250D5_R.trim.fastq.gz,matrix_protein_M A249S,3944,1.03,A249S,matrix_protein_M,G745T,G to T,nonsynonymous SNV,195,5,G745T,A249S,-
250D5_R.trim.fastq.gz,fusion_protein_F T15P,4745,7.35,T15P,fusion_protein_F,A43C,A to C,nonsynonymous SNV,68,5,A43C,T15P,-
250D5_R.trim.fastq.gz,fusion_protein_F Q16P,4749,2.82,Q16P,fusion_protein_F,A47C,A to C,nonsynonymous SNV,72,5,A47C,Q16P,-
250D5_R.trim.fastq.gz,fusion_protein_F Q17P,4752,1.59,Q17P,fusion_protein_F,A50C,A to C,complex,64,5,A50C,Q17P,-
250D5_R.trim.fastq.gz,fusion_protein_F Q17H,4753,1.27,Q17H,fusion_protein_F,A51C,A to C,complex,81,5,A51C,Q17H,-
250D5_R.trim.fastq.gz,fusion_protein_F D18Y,4754,1.28,D18Y,fusion_protein_F,G52T,G to T,nonsynonymous SNV,79,5,G52T,D18Y,-
250D5_R.trim.fastq.gz,fusion_protein_F P21P,4765,1.32,P21P,fusion_protein_F,A63C,A to C,synonymous SNV,77,5,A63C,P21P,-
250D5_R.trim.fastq.gz,fusion_protein_F Q22P,4767,1.16,Q22P,fusion_protein_F,A65C,A to C,nonsynonymous SNV,86,5,A65C,Q22P,-
250D5_R.trim.fastq.gz,fusion_protein_F H23Y,4769,1.15,H23Y,fusion_protein_F,C67T,C to T,complex,88,5,C67T,H23Y,-
250D5_R.trim.fastq.gz,fusion_protein_F H23P,4770,2.38,H23P,fusion_protein_F,A68C,A to C,complex,84,5,A68C,H23P,-
250D5_R.trim.fastq.gz,fusion_protein_F H23H,4771,4.23,H23H,fusion_protein_F,T69C,T to C,complex,71,5,T69C,H23H,-
250D5_R.trim.fastq.gz,fusion_protein_F S24S,4774,3.8,S24S,fusion_protein_F,T72C,T to C,synonymous SNV,79,5,T72C,S24S,-
250D5_R.trim.fastq.gz,fusion_protein_F Y37H,4811,4.39,Y37H,fusion_protein_F,T109C,T to C,nonsynonymous SNV,114,5,T109C,Y37H,-
250D5_R.trim.fastq.gz,fusion_protein_F Y59H,4877,3.68,Y59H,fusion_protein_F,T175C,T to C,nonsynonymous SNV,136,5,T175C,Y59H,-
250D5_R.trim.fastq.gz,fusion_protein_F Y72H,4916,2.92,Y72H,fusion_protein_F,T214C,T to C,nonsynonymous SNV,137,5,T214C,Y72H,-
250D5_R.trim.fastq.gz,fusion_protein_F D75D,4927,3.08,D75D,fusion_protein_F,T225C,T to C,synonymous SNV,130,5,T225C,D75D,-
250D5_R.trim.fastq.gz,fusion_protein_F I86T,4959,5.61,I86T,fusion_protein_F,T257C,T to C,nonsynonymous SNV,107,5,T257C,I86T,-
250D5_R.trim.fastq.gz,fusion_protein_F S93S,4981,7.61,S93S,fusion_protein_F,T279C,T to C,synonymous SNV,92,5,T279C,S93S,-
250D5_R.trim.fastq.gz,fusion_protein_F V98A,4995,6.93,V98A,fusion_protein_F,T293C,T to C,nonsynonymous SNV,101,5,T293C,V98A,-
250D5_R.trim.fastq.gz,fusion_protein_F L185V,5255,1,L185V,fusion_protein_F,T553G,T to G,nonsynonymous SNV,100,5,T553G,L185V,-
250D5_R.trim.fastq.gz,fusion_protein_F L316F,5650,1.32,L316F,fusion_protein_F,A948T,A to T,nonsynonymous SNV,151,5,A948T,L316F,-
250D5_R.trim.fastq.gz,fusion_protein_F I377L,5831,1.5,I377L,fusion_protein_F,A1129T,A to T,nonsynonymous SNV,134,5,A1129T,I377L,-
250D5_R.trim.fastq.gz,fusion_protein_F V403V,5911,1.7,V403V,fusion_protein_F,A1209T,A to T,synonymous SNV,176,5,A1209T,V403V,-
250D5_R.trim.fastq.gz,fusion_protein_F H409Y,5927,1.28,H409Y,fusion_protein_F,C1225T,C to T,nonsynonymous SNV,156,5,C1225T,H409Y,-
250D5_R.trim.fastq.gz,fusion_protein_F A503V,6210,1.06,A503V,fusion_protein_F,C1508T,C to T,nonsynonymous SNV,94,5,C1508T,A503V,-
250D5_R.trim.fastq.gz,fusion_protein_F Y510F,6231,4.44,Y510F,fusion_protein_F,A1529T,A to T,nonsynonymous SNV,90,5,A1529T,Y510F,-
250D5_R.trim.fastq.gz,fusion_protein_F L534L,6304,1.12,L534L,fusion_protein_F,G1602T,G to T,synonymous SNV,89,5,G1602T,L534L,-
250D5_R.trim.fastq.gz,fusion_protein_F G539C,6317,1.15,G539C,fusion_protein_F,G1615T,G to T,nonsynonymous SNV,87,5,G1615T,G539C,-
250D5_R.trim.fastq.gz,fusion_protein_F I542I,6328,1.12,I542I,fusion_protein_F,C1626A,C to A,synonymous SNV,89,5,C1626A,I542I,-
250D5_R.trim.fastq.gz,fusion_protein_F P550L,6351,1.11,P550L,fusion_protein_F,C1649T,C to T,nonsynonymous SNV,90,5,C1649T,P550L,-
250D5_R.trim.fastq.gz,fusion_protein_F N574K,6424,2.06,N574K,fusion_protein_F,T1722A,T to A,nonsynonymous SNV,97,5,T1722A,N574K,-
250D5_R.trim.fastq.gz,fusion_protein_F K580N,6442,2.08,K580N,fusion_protein_F,G1740T,G to T,nonsynonymous SNV,96,5,G1740T,K580N,-
250D5_R.trim.fastq.gz,hemagglutinin_protein_H N391I,8018,1.72,N391I,hemagglutinin_protein_H,A1172T,A to T,nonsynonymous SNV,174,5,A1172T,N391I,-
250D5_R.trim.fastq.gz,hemagglutinin_protein_H G557S,8515,1.41,G557S,hemagglutinin_protein_H,G1669A,G to A,nonsynonymous SNV,71,5,G1669A,G557S,-
250D5_R.trim.fastq.gz,large_polymerase_protein A1226S,13295,25,A1226S,large_polymerase_protein,G3676T,G to T,nonsynonymous SNV,4,5,G3676T,A1226S,-
250D5_R.trim.fastq.gz,large_polymerase_protein D1724E,14791,25,D1724E,large_polymerase_protein,T5172G,T to G,nonsynonymous SNV,4,5,T5172G,D1724E,-
250D5_R.trim.fastq.gz,large_polymerase_protein T1998A,15611,20,T1998A,large_polymerase_protein,A5992G,A to G,nonsynonymous SNV,5,5,A5992G,T1998A,-
250D5_R.trim.fastq.gz,V_protein_ribosomal_slippage T220A,2226,1.36,T220A,V_protein_ribosomal_slippage,A658G,A to G,nonsynonymous SNV,367,5,A658G,T220A,-
250D5_R.trim.fastq.gz,V_protein_ribosomal_slippage P64P,2449,2.79,P64P,V_protein_ribosomal_slippage,C192T,C to T,synonymous SNV,430,5,C882T,P294P,-
250D5_R.trim.fastq.gz,fusion_protein_F Q268X,5504,1.59,Q268X,fusion_protein_F,C802T,C to T,stopgain,126,5,C802T,Q268X,-
250D5_R.trim.fastq.gz,fusion_protein_F L325X,5676,1.32,L325X,fusion_protein_F,T974A,T to A,stopgain,152,5,T974A,L325X,-
250D5_R.trim.fastq.gz,fusion_protein_F E536X,6308,1.1,E536X,fusion_protein_F,G1606T,G to T,stopgain,91,5,G1606T,E536X,-
271D19_R.trim.fastq.gz,phosphoprotein_P D177G,2098,2.52,D177G,phosphoprotein_P,A530G,A to G,nonsynonymous SNV,3373,19,A530G,D177G,-
271D19_R.trim.fastq.gz,matrix_protein_M R71R,3410,11.82,R71R,matrix_protein_M,A211C,A to C,synonymous SNV,1193,19,A211C,R71R,-
271D19_R.trim.fastq.gz,matrix_protein_M M91L,3470,99.92,M91L,matrix_protein_M,A271T,A to T,nonsynonymous SNV,1248,19,A271T,M91L,-
271D19_R.trim.fastq.gz,matrix_protein_M T263T,3988,1.04,T263T,matrix_protein_M,T789C,T to C,synonymous SNV,1923,19,T789C,T263T,-
271D19_R.trim.fastq.gz,fusion_protein_F T15P,4745,9.35,T15P,fusion_protein_F,A43C,A to C,nonsynonymous SNV,214,19,A43C,T15P,-
271D19_R.trim.fastq.gz,fusion_protein_F Q16P,4749,8.04,Q16P,fusion_protein_F,A47C,A to C,nonsynonymous SNV,202,19,A47C,Q16P,-
271D19_R.trim.fastq.gz,fusion_protein_F Q17P,4752,1.42,Q17P,fusion_protein_F,A50C,A to C,nonsynonymous SNV,214,19,A50C,Q17P,-
271D19_R.trim.fastq.gz,fusion_protein_F P21P,4765,1.37,P21P,fusion_protein_F,A63C,A to C,synonymous SNV,219,19,A63C,P21P,-
271D19_R.trim.fastq.gz,fusion_protein_F Q22P,4767,1.65,Q22P,fusion_protein_F,A65C,A to C,nonsynonymous SNV,244,19,A65C,Q22P,-
271D19_R.trim.fastq.gz,fusion_protein_F S27Y,4782,1.23,S27Y,fusion_protein_F,C80A,C to A,nonsynonymous SNV,243,19,C80A,S27Y,-
271D19_R.trim.fastq.gz,fusion_protein_F G125G,5077,17.68,G125G,fusion_protein_F,A375G,A to G,synonymous SNV,577,19,A375G,G125G,-
271D19_R.trim.fastq.gz,fusion_protein_F S611N,6534,1.2,S611N,fusion_protein_F,G1832A,G to A,nonsynonymous SNV,753,19,G1832A,S611N,-
271D19_R.trim.fastq.gz,large_polymerase_protein Q249L,10365,12.5,Q249L,large_polymerase_protein,A746T,A to T,nonsynonymous SNV,8,19,A746T,Q249L,-
271D19_R.trim.fastq.gz,large_polymerase_protein D342N,10643,3.23,D342N,large_polymerase_protein,G1024A,G to A,nonsynonymous SNV,31,19,G1024A,D342N,-
271D19_R.trim.fastq.gz,large_polymerase_protein L469L,11026,7.69,L469L,large_polymerase_protein,G1407A,G to A,synonymous SNV,13,19,G1407A,L469L,-
271D19_R.trim.fastq.gz,large_polymerase_protein T585N,11373,10,T585N,large_polymerase_protein,C1754A,C to A,nonsynonymous SNV,20,19,C1754A,T585N,-
271D19_R.trim.fastq.gz,large_polymerase_protein R605P,11433,15.38,R605P,large_polymerase_protein,G1814C,G to C,nonsynonymous SNV,13,19,G1814C,R605P,-
271D19_R.trim.fastq.gz,large_polymerase_protein Q610P,11448,11.11,Q610P,large_polymerase_protein,A1829C,A to C,nonsynonymous SNV,18,19,A1829C,Q610P,-
271D19_R.trim.fastq.gz,large_polymerase_protein S708R,11743,12.5,S708R,large_polymerase_protein,T2124A,T to A,nonsynonymous SNV,8,19,T2124A,S708R,-
271D19_R.trim.fastq.gz,large_polymerase_protein K1121T,12981,4.76,K1121T,large_polymerase_protein,A3362C,A to C,nonsynonymous SNV,21,19,A3362C,K1121T,-
271D19_R.trim.fastq.gz,large_polymerase_protein A1137A,13030,5.56,A1137A,large_polymerase_protein,G3411A,G to A,synonymous SNV,18,19,G3411A,A1137A,-
271D19_R.trim.fastq.gz,large_polymerase_protein S1319F,13575,5.88,S1319F,large_polymerase_protein,C3956T,C to T,nonsynonymous SNV,17,19,C3956T,S1319F,-
271D19_R.trim.fastq.gz,large_polymerase_protein A1323A,13588,6.25,A1323A,large_polymerase_protein,T3969C,T to C,synonymous SNV,16,19,T3969C,A1323A,-
271D19_R.trim.fastq.gz,large_polymerase_protein T1796T,15007,3.85,T1796T,large_polymerase_protein,A5388G,A to G,synonymous SNV,26,19,A5388G,T1796T,-
271D19_R.trim.fastq.gz,large_polymerase_protein A1955D,15483,2.63,A1955D,large_polymerase_protein,C5864A,C to A,nonsynonymous SNV,38,19,C5864A,A1955D,-
271D19_R.trim.fastq.gz,V_protein_ribosomal_slippage D177G,2098,2.52,D177G,V_protein_ribosomal_slippage,A530G,A to G,nonsynonymous SNV,3373,19,A530G,D177G,-
275D19_R.trim.fastq.gz,nucleoprotein_N S3T,39,3.28,S3T,nucleoprotein_N,G8C,G to C,nonsynonymous SNV,1128,19,G8C,S3T,-
275D19_R.trim.fastq.gz,nucleoprotein_N E129K,416,2.84,E129K,nucleoprotein_N,G385A,G to A,nonsynonymous SNV,1446,19,G385A,E129K,-
275D19_R.trim.fastq.gz,phosphoprotein_P E65D,1763,1.67,E65D,phosphoprotein_P,G195T,G to T,nonsynonymous SNV,3479,19,G195T,E65D,-
275D19_R.trim.fastq.gz,matrix_protein_M M91L,3470,99.92,M91L,matrix_protein_M,A271T,A to T,nonsynonymous SNV,1278,19,A271T,M91L,-
275D19_R.trim.fastq.gz,fusion_protein_F T15P,4745,7.43,T15P,fusion_protein_F,A43C,A to C,nonsynonymous SNV,204,19,A43C,T15P,-
275D19_R.trim.fastq.gz,fusion_protein_F Q16P,4749,3.92,Q16P,fusion_protein_F,A47C,A to C,complex,206,19,A47C,Q16P,-
275D19_R.trim.fastq.gz,fusion_protein_F Q16H,4750,1.2,Q16H,fusion_protein_F,A48C,A to C,complex,253,19,A48C,Q16H,-
275D19_R.trim.fastq.gz,fusion_protein_F Q17P,4752,3.45,Q17P,fusion_protein_F,A50C,A to C,nonsynonymous SNV,205,19,A50C,Q17P,-
275D19_R.trim.fastq.gz,fusion_protein_F M61T,4884,5.44,M61T,fusion_protein_F,T182C,T to C,nonsynonymous SNV,478,19,T182C,M61T,-
275D19_R.trim.fastq.gz,fusion_protein_F N140K,5122,1.54,N140K,fusion_protein_F,T420G,T to G,nonsynonymous SNV,518,19,T420G,N140K,-
275D19_R.trim.fastq.gz,fusion_protein_F D474V,6123,7.98,D474V,fusion_protein_F,A1421T,A to T,nonsynonymous SNV,426,19,A1421T,D474V,-
275D19_R.trim.fastq.gz,hemagglutinin_protein_H V568L,8548,1.89,V568L,hemagglutinin_protein_H,G1702T,G to T,nonsynonymous SNV,689,19,G1702T,V568L,-
275D19_R.trim.fastq.gz,large_polymerase_protein P12P,9655,5.56,P12P,large_polymerase_protein,T36A,T to A,synonymous SNV,18,19,T36A,P12P,-
275D19_R.trim.fastq.gz,large_polymerase_protein E55V,9783,13.04,E55V,large_polymerase_protein,A164T,A to T,nonsynonymous SNV,23,19,A164T,E55V,-
275D19_R.trim.fastq.gz,large_polymerase_protein R176G,10145,3.85,R176G,large_polymerase_protein,A526G,A to G,nonsynonymous SNV,26,19,A526G,R176G,-
275D19_R.trim.fastq.gz,large_polymerase_protein F298L,10511,13.64,F298L,large_polymerase_protein,T892C,T to C,nonsynonymous SNV,22,19,T892C,F298L,-
275D19_R.trim.fastq.gz,large_polymerase_protein V501I,11120,8,V501I,large_polymerase_protein,G1501A,G to A,nonsynonymous SNV,25,19,G1501A,V501I,-
275D19_R.trim.fastq.gz,large_polymerase_protein Y532N,11213,5.26,Y532N,large_polymerase_protein,T1594A,T to A,nonsynonymous SNV,19,19,T1594A,Y532N,-
275D19_R.trim.fastq.gz,large_polymerase_protein S627P,11498,4.35,S627P,large_polymerase_protein,T1879C,T to C,nonsynonymous SNV,23,19,T1879C,S627P,-
275D19_R.trim.fastq.gz,large_polymerase_protein F659F,11596,3.45,F659F,large_polymerase_protein,T1977C,T to C,synonymous SNV,29,19,T1977C,F659F,-
275D19_R.trim.fastq.gz,large_polymerase_protein D663H,11606,3.03,D663H,large_polymerase_protein,G1987C,G to C,nonsynonymous SNV,33,19,G1987C,D663H,-
275D19_R.trim.fastq.gz,large_polymerase_protein C668S,11621,2.94,C668S,large_polymerase_protein,T2002A,T to A,nonsynonymous SNV,34,19,T2002A,C668S,-
275D19_R.trim.fastq.gz,large_polymerase_protein L700S,11718,3.03,L700S,large_polymerase_protein,T2099C,T to C,complex,33,19,T2099C,L700S,-
275D19_R.trim.fastq.gz,large_polymerase_protein L700F,11719,3.03,L700F,large_polymerase_protein,G2100T,G to T,complex,33,19,G2100T,L700F,-
275D19_R.trim.fastq.gz,large_polymerase_protein S910S,12349,7.14,S910S,large_polymerase_protein,A2730C,A to C,synonymous SNV,28,19,A2730C,S910S,-
275D19_R.trim.fastq.gz,large_polymerase_protein P956P,12487,3.7,P956P,large_polymerase_protein,C2868T,C to T,synonymous SNV,27,19,C2868T,P956P,-
275D19_R.trim.fastq.gz,large_polymerase_protein H979D,12554,8.33,H979D,large_polymerase_protein,C2935G,C to G,nonsynonymous SNV,24,19,C2935G,H979D,-
275D19_R.trim.fastq.gz,large_polymerase_protein I1100K,12918,7.69,I1100K,large_polymerase_protein,T3299A,T to A,nonsynonymous SNV,13,19,T3299A,I1100K,-
275D19_R.trim.fastq.gz,large_polymerase_protein L1198L,13213,15,L1198L,large_polymerase_protein,A3594G,A to G,synonymous SNV,20,19,A3594G,L1198L,-
275D19_R.trim.fastq.gz,large_polymerase_protein R1289R,13486,6.06,R1289R,large_polymerase_protein,A3867G,A to G,synonymous SNV,33,19,A3867G,R1289R,-
275D19_R.trim.fastq.gz,large_polymerase_protein G1301G,13522,5.41,G1301G,large_polymerase_protein,G3903T,G to T,synonymous SNV,37,19,G3903T,G1301G,-
275D19_R.trim.fastq.gz,large_polymerase_protein G1382G,13765,5.26,G1382G,large_polymerase_protein,T4146G,T to G,synonymous SNV,19,19,T4146G,G1382G,-
275D19_R.trim.fastq.gz,large_polymerase_protein G1630G,14509,3.85,G1630G,large_polymerase_protein,G4890A,G to A,synonymous SNV,26,19,G4890A,G1630G,-
275D19_R.trim.fastq.gz,large_polymerase_protein K1909T,15345,3.23,K1909T,large_polymerase_protein,A5726C,A to C,nonsynonymous SNV,31,19,A5726C,K1909T,-
275D19_R.trim.fastq.gz,large_polymerase_protein V1921G,15381,3.45,V1921G,large_polymerase_protein,T5762G,T to G,complex,29,19,T5762G,V1921G,-
275D19_R.trim.fastq.gz,large_polymerase_protein V1921V,15382,3.57,V1921V,large_polymerase_protein,T5763G,T to G,complex,28,19,T5763G,V1921V,-
275D19_R.trim.fastq.gz,large_polymerase_protein S1995S,15604,6.25,S1995S,large_polymerase_protein,A5985T,A to T,synonymous SNV,16,19,A5985T,S1995S,-
275D19_R.trim.fastq.gz,large_polymerase_protein C2041G,15740,4.35,C2041G,large_polymerase_protein,T6121G,T to G,nonsynonymous SNV,23,19,T6121G,C2041G,-
275D19_R.trim.fastq.gz,large_polymerase_protein D2072N,15833,5.26,D2072N,large_polymerase_protein,G6214A,G to A,nonsynonymous SNV,19,19,G6214A,D2072N,-
275D19_R.trim.fastq.gz,V_protein_ribosomal_slippage E65D,1763,1.67,E65D,V_protein_ribosomal_slippage,G195T,G to T,nonsynonymous SNV,3479,19,G195T,E65D,-
275D19_R.trim.fastq.gz,large_polymerase_protein G738X,11831,4.55,G738X,large_polymerase_protein,G2212T,G to T,stopgain,22,19,G2212T,G738X,-
275D19_R.trim.fastq.gz,large_polymerase_protein E1713X,14756,3.23,E1713X,large_polymerase_protein,G5137T,G to T,stopgain,31,19,G5137T,E1713X,-
275D19_R.trim.fastq.gz,large_polymerase_protein L1914X,15360,3.57,L1914X,large_polymerase_protein,T5741G,T to G,stopgain,28,19,T5741G,L1914X,-
277D15_R.trim.fastq.gz,nucleoprotein_N R195R,616,3.73,R195R,nucleoprotein_N,G585A,G to A,synonymous SNV,4720,15,G585A,R195R,-
277D15_R.trim.fastq.gz,matrix_protein_M M91L,3470,99.04,M91L,matrix_protein_M,A271T,A to T,nonsynonymous SNV,1566,15,A271T,M91L,-
277D15_R.trim.fastq.gz,fusion_protein_F T15P,4745,9.13,T15P,fusion_protein_F,A43C,A to C,nonsynonymous SNV,253,15,A43C,T15P,-
277D15_R.trim.fastq.gz,fusion_protein_F Q16P,4749,8.3,Q16P,fusion_protein_F,A47C,A to C,nonsynonymous SNV,266,15,A47C,Q16P,-
277D15_R.trim.fastq.gz,fusion_protein_F Q17P,4752,3.27,Q17P,fusion_protein_F,A50C,A to C,nonsynonymous SNV,245,15,A50C,Q17P,-
277D15_R.trim.fastq.gz,fusion_protein_F L205P,5316,4.6,L205P,fusion_protein_F,T614C,T to C,nonsynonymous SNV,697,15,T614C,L205P,-
277D15_R.trim.fastq.gz,fusion_protein_F K356E,5768,3.79,K356E,fusion_protein_F,A1066G,A to G,nonsynonymous SNV,1028,15,A1066G,K356E,-
277D15_R.trim.fastq.gz,hemagglutinin_protein_H G31R,6937,8.12,G31R,hemagglutinin_protein_H,G91A,G to A,nonsynonymous SNV,1503,15,G91A,G31R,-
277D15_R.trim.fastq.gz,hemagglutinin_protein_H Q116L,7193,1.24,Q116L,hemagglutinin_protein_H,A347T,A to T,nonsynonymous SNV,970,15,A347T,Q116L,-
277D15_R.trim.fastq.gz,hemagglutinin_protein_H G158G,7320,1.16,G158G,hemagglutinin_protein_H,G474A,G to A,synonymous SNV,1203,15,G474A,G158G,-
277D15_R.trim.fastq.gz,hemagglutinin_protein_H I159V,7321,1.37,I159V,hemagglutinin_protein_H,A475G,A to G,nonsynonymous SNV,1168,15,A475G,I159V,-
277D15_R.trim.fastq.gz,hemagglutinin_protein_H V235M,7549,1.42,V235M,hemagglutinin_protein_H,G703A,G to A,nonsynonymous SNV,1482,15,G703A,V235M,-
277D15_R.trim.fastq.gz,large_polymerase_protein I53M,9778,3.45,I53M,large_polymerase_protein,T159G,T to G,nonsynonymous SNV,29,15,T159G,I53M,-
277D15_R.trim.fastq.gz,large_polymerase_protein S78S,9853,3.45,S78S,large_polymerase_protein,T234C,T to C,synonymous SNV,29,15,T234C,S78S,-
277D15_R.trim.fastq.gz,large_polymerase_protein G123W,9986,5.88,G123W,large_polymerase_protein,G367T,G to T,nonsynonymous SNV,34,15,G367T,G123W,-
277D15_R.trim.fastq.gz,large_polymerase_protein V205M,10232,6.25,V205M,large_polymerase_protein,G613A,G to A,nonsynonymous SNV,16,15,G613A,V205M,-
277D15_R.trim.fastq.gz,large_polymerase_protein L283L,10468,6.25,L283L,large_polymerase_protein,A849C,A to C,synonymous SNV,16,15,A849C,L283L,-
277D15_R.trim.fastq.gz,large_polymerase_protein E284A,10470,6.25,E284A,large_polymerase_protein,A851C,A to C,nonsynonymous SNV,16,15,A851C,E284A,-
277D15_R.trim.fastq.gz,large_polymerase_protein F353L,10678,2.7,F353L,large_polymerase_protein,T1059A,T to A,nonsynonymous SNV,37,15,T1059A,F353L,-
277D15_R.trim.fastq.gz,large_polymerase_protein C450S,10967,5,C450S,large_polymerase_protein,T1348A,T to A,nonsynonymous SNV,20,15,T1348A,C450S,-
277D15_R.trim.fastq.gz,large_polymerase_protein P453P,10978,5.56,P453P,large_polymerase_protein,C1359T,C to T,synonymous SNV,18,15,C1359T,P453P,-
277D15_R.trim.fastq.gz,large_polymerase_protein A470A,11029,11.11,A470A,large_polymerase_protein,A1410T,A to T,synonymous SNV,9,15,A1410T,A470A,-
277D15_R.trim.fastq.gz,large_polymerase_protein M553I,11278,5,M553I,large_polymerase_protein,G1659A,G to A,nonsynonymous SNV,20,15,G1659A,M553I,-
277D15_R.trim.fastq.gz,large_polymerase_protein G569E,11325,22.73,G569E,large_polymerase_protein,G1706A,G to A,nonsynonymous SNV,22,15,G1706A,G569E,-
277D15_R.trim.fastq.gz,large_polymerase_protein S628S,11503,4,S628S,large_polymerase_protein,C1884A,C to A,synonymous SNV,25,15,C1884A,S628S,-
277D15_R.trim.fastq.gz,large_polymerase_protein I752K,11874,3.85,I752K,large_polymerase_protein,T2255A,T to A,nonsynonymous SNV,26,15,T2255A,I752K,-
277D15_R.trim.fastq.gz,large_polymerase_protein D839E,12136,5.26,D839E,large_polymerase_protein,T2517G,T to G,nonsynonymous SNV,19,15,T2517G,D839E,-
277D15_R.trim.fastq.gz,large_polymerase_protein A1074P,12839,13.33,A1074P,large_polymerase_protein,G3220C,G to C,nonsynonymous SNV,15,15,G3220C,A1074P,-
277D15_R.trim.fastq.gz,large_polymerase_protein A1226T,13295,3.57,A1226T,large_polymerase_protein,G3676A,G to A,nonsynonymous SNV,28,15,G3676A,A1226T,-
277D15_R.trim.fastq.gz,large_polymerase_protein K1264E,13409,2.44,K1264E,large_polymerase_protein,A3790G,A to G,nonsynonymous SNV,41,15,A3790G,K1264E,-
277D15_R.trim.fastq.gz,large_polymerase_protein R1275Q,13443,7.89,R1275Q,large_polymerase_protein,G3824A,G to A,nonsynonymous SNV,38,15,G3824A,R1275Q,-
277D15_R.trim.fastq.gz,large_polymerase_protein G1342G,13645,3.33,G1342G,large_polymerase_protein,G4026A,G to A,synonymous SNV,30,15,G4026A,G1342G,-
277D15_R.trim.fastq.gz,large_polymerase_protein P1373P,13738,3.03,P1373P,large_polymerase_protein,C4119A,C to A,synonymous SNV,33,15,C4119A,P1373P,-
277D15_R.trim.fastq.gz,large_polymerase_protein Y1765N,14912,2.56,Y1765N,large_polymerase_protein,T5293A,T to A,nonsynonymous SNV,39,15,T5293A,Y1765N,-
277D15_R.trim.fastq.gz,large_polymerase_protein Q1821H,15082,2.13,Q1821H,large_polymerase_protein,A5463C,A to C,nonsynonymous SNV,47,15,A5463C,Q1821H,-
277D15_R.trim.fastq.gz,large_polymerase_protein G1850G,15169,1.72,G1850G,large_polymerase_protein,G5550T,G to T,synonymous SNV,58,15,G5550T,G1850G,-
277D15_R.trim.fastq.gz,large_polymerase_protein L1907F,15340,2.33,L1907F,large_polymerase_protein,A5721C,A to C,nonsynonymous SNV,43,15,A5721C,L1907F,-
277D15_R.trim.fastq.gz,large_polymerase_protein K1917Q,15368,8.11,K1917Q,large_polymerase_protein,A5749C,A to C,nonsynonymous SNV,37,15,A5749C,K1917Q,-
277D15_R.trim.fastq.gz,large_polymerase_protein V1968V,15523,2,V1968V,large_polymerase_protein,C5904T,C to T,synonymous SNV,50,15,C5904T,V1968V,-
277D15_R.trim.fastq.gz,large_polymerase_protein C2041Y,15741,2.44,C2041Y,large_polymerase_protein,G6122A,G to A,nonsynonymous SNV,41,15,G6122A,C2041Y,-
277D15_R.trim.fastq.gz,large_polymerase_protein V2086V,15877,3.23,V2086V,large_polymerase_protein,G6258A,G to A,synonymous SNV,31,15,G6258A,V2086V,-
277D15_R.trim.fastq.gz,large_polymerase_protein P2155P,16084,3.45,P2155P,large_polymerase_protein,C6465T,C to T,synonymous SNV,29,15,C6465T,P2155P,-
277D15_R.trim.fastq.gz,large_polymerase_protein G1820X,15077,2.04,G1820X,large_polymerase_protein,G5458T,G to T,stopgain,49,15,G5458T,G1820X,-
278D19_R.trim.fastq.gz,nucleoprotein_N L51L,182,10.61,L51L,nucleoprotein_N,C151T,C to T,synonymous SNV,1338,19,C151T,L51L,-
278D19_R.trim.fastq.gz,matrix_protein_M M91L,3470,100,M91L,matrix_protein_M,A271T,A to T,nonsynonymous SNV,978,19,A271T,M91L,-
278D19_R.trim.fastq.gz,fusion_protein_F T15P,4745,12.35,T15P,fusion_protein_F,A43C,A to C,nonsynonymous SNV,252,19,A43C,T15P,-
278D19_R.trim.fastq.gz,fusion_protein_F Q16P,4749,7.39,Q16P,fusion_protein_F,A47C,A to C,complex,234,19,A47C,Q16P,-
278D19_R.trim.fastq.gz,fusion_protein_F Q16H,4750,1.18,Q16H,fusion_protein_F,A48C,A to C,complex,343,19,A48C,Q16H,-
278D19_R.trim.fastq.gz,fusion_protein_F Q17P,4752,3.6,Q17P,fusion_protein_F,A50C,A to C,nonsynonymous SNV,225,19,A50C,Q17P,-
278D19_R.trim.fastq.gz,fusion_protein_F P21P,4765,2.02,P21P,fusion_protein_F,A63C,A to C,synonymous SNV,249,19,A63C,P21P,-
278D19_R.trim.fastq.gz,fusion_protein_F Q22P,4767,1.44,Q22P,fusion_protein_F,A65C,A to C,nonsynonymous SNV,278,19,A65C,Q22P,-
278D19_R.trim.fastq.gz,fusion_protein_F H23Q,4771,1.26,H23Q,fusion_protein_F,T69A,T to A,nonsynonymous SNV,238,19,T69A,H23Q,-
278D19_R.trim.fastq.gz,fusion_protein_F S24R,4774,1.13,S24R,fusion_protein_F,T72G,T to G,nonsynonymous SNV,267,19,T72G,S24R,-
278D19_R.trim.fastq.gz,fusion_protein_F R73S,4921,2.55,R73S,fusion_protein_F,A219T,A to T,nonsynonymous SNV,470,19,A219T,R73S,-
278D19_R.trim.fastq.gz,hemagglutinin_protein_H K161E,7327,3.84,K161E,hemagglutinin_protein_H,A481G,A to G,nonsynonymous SNV,1041,19,A481G,K161E,-
278D19_R.trim.fastq.gz,hemagglutinin_protein_H V235M,7549,4.45,V235M,hemagglutinin_protein_H,G703A,G to A,nonsynonymous SNV,1034,19,G703A,V235M,-
278D19_R.trim.fastq.gz,hemagglutinin_protein_H E332D,7842,1.73,E332D,hemagglutinin_protein_H,A996T,A to T,nonsynonymous SNV,1038,19,A996T,E332D,-
278D19_R.trim.fastq.gz,hemagglutinin_protein_H I598I,8640,1.2,I598I,hemagglutinin_protein_H,A1794C,A to C,synonymous SNV,249,19,A1794C,I598I,-
278D19_R.trim.fastq.gz,large_polymerase_protein L534L,11221,5.26,L534L,large_polymerase_protein,T1602A,T to A,synonymous SNV,19,19,T1602A,L534L,-
278D19_R.trim.fastq.gz,large_polymerase_protein V593V,11398,23.08,V593V,large_polymerase_protein,G1779T,G to T,synonymous SNV,26,19,G1779T,V593V,-
278D19_R.trim.fastq.gz,large_polymerase_protein L607F,11438,3.12,L607F,large_polymerase_protein,C1819T,C to T,nonsynonymous SNV,32,19,C1819T,L607F,-
278D19_R.trim.fastq.gz,large_polymerase_protein T724S,11789,5.88,T724S,large_polymerase_protein,A2170T,A to T,nonsynonymous SNV,17,19,A2170T,T724S,-
278D19_R.trim.fastq.gz,large_polymerase_protein F949S,12465,7.14,F949S,large_polymerase_protein,T2846C,T to C,nonsynonymous SNV,14,19,T2846C,F949S,-
278D19_R.trim.fastq.gz,large_polymerase_protein W994C,12601,9.09,W994C,large_polymerase_protein,G2982T,G to T,nonsynonymous SNV,11,19,G2982T,W994C,-
278D19_R.trim.fastq.gz,large_polymerase_protein R1052K,12774,6.25,R1052K,large_polymerase_protein,G3155A,G to A,nonsynonymous SNV,16,19,G3155A,R1052K,-
278D19_R.trim.fastq.gz,large_polymerase_protein S1089R,12884,6.25,S1089R,large_polymerase_protein,A3265C,A to C,nonsynonymous SNV,16,19,A3265C,S1089R,-
278D19_R.trim.fastq.gz,large_polymerase_protein I1115T,12963,5.88,I1115T,large_polymerase_protein,T3344C,T to C,nonsynonymous SNV,17,19,T3344C,I1115T,-
278D19_R.trim.fastq.gz,large_polymerase_protein I1201T,13221,5,I1201T,large_polymerase_protein,T3602C,T to C,nonsynonymous SNV,20,19,T3602C,I1201T,-
278D19_R.trim.fastq.gz,large_polymerase_protein G1204G,13231,5,G1204G,large_polymerase_protein,A3612T,A to T,synonymous SNV,20,19,A3612T,G1204G,-
278D19_R.trim.fastq.gz,large_polymerase_protein R1233R,13318,11.11,R1233R,large_polymerase_protein,G3699A,G to A,synonymous SNV,27,19,G3699A,R1233R,-
278D19_R.trim.fastq.gz,large_polymerase_protein T1243P,13346,4.35,T1243P,large_polymerase_protein,A3727C,A to C,nonsynonymous SNV,23,19,A3727C,T1243P,-
278D19_R.trim.fastq.gz,large_polymerase_protein A1793E,14997,4.55,A1793E,large_polymerase_protein,C5378A,C to A,nonsynonymous SNV,22,19,C5378A,A1793E,-
278D19_R.trim.fastq.gz,large_polymerase_protein E311X,10550,6.25,E311X,large_polymerase_protein,G931T,G to T,stopgain,16,19,G931T,E311X,-
279D15_R.trim.fastq.gz,phosphoprotein_P P413P,2807,1.42,P413P,phosphoprotein_P,C1239T,C to T,synonymous SNV,1835,15,C1239T,P413P,-
279D15_R.trim.fastq.gz,matrix_protein_M M91L,3470,99.71,M91L,matrix_protein_M,A271T,A to T,nonsynonymous SNV,686,15,A271T,M91L,-
279D15_R.trim.fastq.gz,fusion_protein_F T15P,4745,7.81,T15P,fusion_protein_F,A43C,A to C,nonsynonymous SNV,270,15,A43C,T15P,-
279D15_R.trim.fastq.gz,fusion_protein_F Q16P,4749,13.45,Q16P,fusion_protein_F,A47C,A to C,complex,277,15,A47C,Q16P,-
279D15_R.trim.fastq.gz,fusion_protein_F Q16H,4750,1.05,Q16H,fusion_protein_F,A48C,A to C,complex,386,15,A48C,Q16H,-
279D15_R.trim.fastq.gz,fusion_protein_F Q17P,4752,5.38,Q17P,fusion_protein_F,A50C,A to C,nonsynonymous SNV,280,15,A50C,Q17P,-
279D15_R.trim.fastq.gz,fusion_protein_F P21P,4765,1.47,P21P,fusion_protein_F,A63C,A to C,synonymous SNV,276,15,A63C,P21P,-
279D15_R.trim.fastq.gz,fusion_protein_F N108N,5026,3.42,N108N,fusion_protein_F,T324C,T to C,synonymous SNV,527,15,T324C,N108N,-
279D15_R.trim.fastq.gz,hemagglutinin_protein_H N19D,6901,3.9,N19D,hemagglutinin_protein_H,A55G,A to G,nonsynonymous SNV,513,15,A55G,N19D,-
279D15_R.trim.fastq.gz,hemagglutinin_protein_H G241R,7567,1.61,G241R,hemagglutinin_protein_H,G721A,G to A,nonsynonymous SNV,559,15,G721A,G241R,-
279D15_R.trim.fastq.gz,large_polymerase_protein N23D,9686,2.08,N23D,large_polymerase_protein,A67G,A to G,nonsynonymous SNV,48,15,A67G,N23D,-
279D15_R.trim.fastq.gz,large_polymerase_protein L25P,9693,2,L25P,large_polymerase_protein,T74C,T to C,nonsynonymous SNV,50,15,T74C,L25P,-
279D15_R.trim.fastq.gz,large_polymerase_protein Q39P,9735,1.79,Q39P,large_polymerase_protein,A116C,A to C,nonsynonymous SNV,56,15,A116C,Q39P,-
279D15_R.trim.fastq.gz,large_polymerase_protein I49N,9765,1.85,I49N,large_polymerase_protein,T146A,T to A,nonsynonymous SNV,54,15,T146A,I49N,-
279D15_R.trim.fastq.gz,large_polymerase_protein K50R,9768,1.85,K50R,large_polymerase_protein,A149G,A to G,nonsynonymous SNV,54,15,A149G,K50R,-
279D15_R.trim.fastq.gz,large_polymerase_protein L133L,10018,1.67,L133L,large_polymerase_protein,T399C,T to C,synonymous SNV,60,15,T399C,L133L,-
279D15_R.trim.fastq.gz,large_polymerase_protein R259S,10396,2.63,R259S,large_polymerase_protein,G777T,G to T,nonsynonymous SNV,38,15,G777T,R259S,-
279D15_R.trim.fastq.gz,large_polymerase_protein N263D,10406,5.26,N263D,large_polymerase_protein,A787G,A to G,nonsynonymous SNV,38,15,A787G,N263D,-
279D15_R.trim.fastq.gz,large_polymerase_protein H307Y,10538,2,H307Y,large_polymerase_protein,C919T,C to T,nonsynonymous SNV,50,15,C919T,H307Y,-
279D15_R.trim.fastq.gz,large_polymerase_protein G347R,10658,1.39,G347R,large_polymerase_protein,G1039A,G to A,nonsynonymous SNV,72,15,G1039A,G347R,-
279D15_R.trim.fastq.gz,large_polymerase_protein M385L,10772,1.89,M385L,large_polymerase_protein,A1153T,A to T,nonsynonymous SNV,53,15,A1153T,M385L,-
279D15_R.trim.fastq.gz,large_polymerase_protein G388G,10783,2.22,G388G,large_polymerase_protein,A1164G,A to G,synonymous SNV,45,15,A1164G,G388G,-
279D15_R.trim.fastq.gz,large_polymerase_protein P481S,11060,1.82,P481S,large_polymerase_protein,C1441T,C to T,nonsynonymous SNV,55,15,C1441T,P481S,-
279D15_R.trim.fastq.gz,large_polymerase_protein E494A,11100,2,E494A,large_polymerase_protein,A1481C,A to C,nonsynonymous SNV,50,15,A1481C,E494A,-
279D15_R.trim.fastq.gz,large_polymerase_protein A555D,11283,1.25,A555D,large_polymerase_protein,C1664A,C to A,nonsynonymous SNV,80,15,C1664A,A555D,-
279D15_R.trim.fastq.gz,large_polymerase_protein K615N,11464,26.19,K615N,large_polymerase_protein,A1845C,A to C,nonsynonymous SNV,85,15,A1845C,K615N,-
279D15_R.trim.fastq.gz,large_polymerase_protein Y633C,11517,5.77,Y633C,large_polymerase_protein,A1898G,A to G,nonsynonymous SNV,52,15,A1898G,Y633C,-
279D15_R.trim.fastq.gz,large_polymerase_protein W695L,11703,1.41,W695L,large_polymerase_protein,G2084T,G to T,complex,71,15,G2084T,W695L,-
279D15_R.trim.fastq.gz,large_polymerase_protein W695C,11704,1.37,W695C,large_polymerase_protein,G2085T,G to T,complex,73,15,G2085T,W695C,-
279D15_R.trim.fastq.gz,large_polymerase_protein H711P,11751,1.82,H711P,large_polymerase_protein,A2132C,A to C,nonsynonymous SNV,55,15,A2132C,H711P,-
279D15_R.trim.fastq.gz,large_polymerase_protein C712R,11753,1.85,C712R,large_polymerase_protein,T2134C,T to C,nonsynonymous SNV,54,15,T2134C,C712R,-
279D15_R.trim.fastq.gz,large_polymerase_protein C743R,11846,2.7,C743R,large_polymerase_protein,T2227C,T to C,nonsynonymous SNV,37,15,T2227C,C743R,-
279D15_R.trim.fastq.gz,large_polymerase_protein E802D,12025,2.5,E802D,large_polymerase_protein,A2406T,A to T,nonsynonymous SNV,40,15,A2406T,E802D,-
279D15_R.trim.fastq.gz,large_polymerase_protein I805L,12032,2.13,I805L,large_polymerase_protein,A2413T,A to T,nonsynonymous SNV,47,15,A2413T,I805L,-
279D15_R.trim.fastq.gz,large_polymerase_protein K848K,12163,1.79,K848K,large_polymerase_protein,A2544G,A to G,synonymous SNV,56,15,A2544G,K848K,-
279D15_R.trim.fastq.gz,large_polymerase_protein L891L,12290,1.56,L891L,large_polymerase_protein,C2671T,C to T,synonymous SNV,64,15,C2671T,L891L,-
279D15_R.trim.fastq.gz,large_polymerase_protein S946R,12457,2.13,S946R,large_polymerase_protein,T2838A,T to A,nonsynonymous SNV,47,15,T2838A,S946R,-
279D15_R.trim.fastq.gz,large_polymerase_protein F949Y,12465,1.92,F949Y,large_polymerase_protein,T2846A,T to A,nonsynonymous SNV,52,15,T2846A,F949Y,-
279D15_R.trim.fastq.gz,large_polymerase_protein S959S,12496,1.72,S959S,large_polymerase_protein,T2877G,T to G,synonymous SNV,58,15,T2877G,S959S,-
279D15_R.trim.fastq.gz,large_polymerase_protein Y985D,12572,2.38,Y985D,large_polymerase_protein,T2953G,T to G,nonsynonymous SNV,42,15,T2953G,Y985D,-
279D15_R.trim.fastq.gz,large_polymerase_protein I1023I,12688,2.17,I1023I,large_polymerase_protein,C3069T,C to T,synonymous SNV,46,15,C3069T,I1023I,-
279D15_R.trim.fastq.gz,large_polymerase_protein I1322M,13585,2.82,I1322M,large_polymerase_protein,A3966G,A to G,nonsynonymous SNV,71,15,A3966G,I1322M,-
279D15_R.trim.fastq.gz,large_polymerase_protein L1347F,13660,1.64,L1347F,large_polymerase_protein,A4041C,A to C,nonsynonymous SNV,61,15,A4041C,L1347F,-
279D15_R.trim.fastq.gz,large_polymerase_protein R1349R,13664,1.56,R1349R,large_polymerase_protein,A4045C,A to C,synonymous SNV,64,15,A4045C,R1349R,-
279D15_R.trim.fastq.gz,large_polymerase_protein Y1399H,13814,2.5,Y1399H,large_polymerase_protein,T4195C,T to C,nonsynonymous SNV,40,15,T4195C,Y1399H,-
279D15_R.trim.fastq.gz,large_polymerase_protein N1402D,13823,5.13,N1402D,large_polymerase_protein,A4204G,A to G,nonsynonymous SNV,39,15,A4204G,N1402D,-
279D15_R.trim.fastq.gz,large_polymerase_protein Q1415H,13864,2.38,Q1415H,large_polymerase_protein,G4245T,G to T,nonsynonymous SNV,42,15,G4245T,Q1415H,-
279D15_R.trim.fastq.gz,large_polymerase_protein A1492A,14095,2.7,A1492A,large_polymerase_protein,A4476G,A to G,synonymous SNV,37,15,A4476G,A1492A,-
279D15_R.trim.fastq.gz,large_polymerase_protein Y1539C,14235,1.64,Y1539C,large_polymerase_protein,A4616G,A to G,nonsynonymous SNV,61,15,A4616G,Y1539C,-
279D15_R.trim.fastq.gz,large_polymerase_protein T1564A,14309,1.92,T1564A,large_polymerase_protein,A4690G,A to G,nonsynonymous SNV,52,15,A4690G,T1564A,-
279D15_R.trim.fastq.gz,large_polymerase_protein R1610K,14448,4.08,R1610K,large_polymerase_protein,G4829A,G to A,nonsynonymous SNV,49,15,G4829A,R1610K,-
279D15_R.trim.fastq.gz,large_polymerase_protein N1621D,14480,1.89,N1621D,large_polymerase_protein,A4861G,A to G,nonsynonymous SNV,53,15,A4861G,N1621D,-
279D15_R.trim.fastq.gz,large_polymerase_protein R1623R,14488,2.27,R1623R,large_polymerase_protein,T4869A,T to A,synonymous SNV,44,15,T4869A,R1623R,-
279D15_R.trim.fastq.gz,large_polymerase_protein V1834G,15120,2.17,V1834G,large_polymerase_protein,T5501G,T to G,nonsynonymous SNV,92,15,T5501G,V1834G,-
279D15_R.trim.fastq.gz,large_polymerase_protein P1886L,15276,2.46,P1886L,large_polymerase_protein,C5657T,C to T,nonsynonymous SNV,122,15,C5657T,P1886L,-
279D15_R.trim.fastq.gz,large_polymerase_protein E1895E,15304,1.83,E1895E,large_polymerase_protein,A5685G,A to G,synonymous SNV,109,15,A5685G,E1895E,-
279D15_R.trim.fastq.gz,large_polymerase_protein V1910V,15349,1.1,V1910V,large_polymerase_protein,A5730C,A to C,synonymous SNV,91,15,A5730C,V1910V,-
279D15_R.trim.fastq.gz,large_polymerase_protein I1942T,15444,1.25,I1942T,large_polymerase_protein,T5825C,T to C,nonsynonymous SNV,80,15,T5825C,I1942T,-
279D15_R.trim.fastq.gz,large_polymerase_protein I2024V,15689,1.25,I2024V,large_polymerase_protein,A6070G,A to G,nonsynonymous SNV,80,15,A6070G,I2024V,-
279D15_R.trim.fastq.gz,large_polymerase_protein I2062I,15805,2.74,I2062I,large_polymerase_protein,C6186T,C to T,synonymous SNV,73,15,C6186T,I2062I,-
279D15_R.trim.fastq.gz,large_polymerase_protein L2063L,15808,1.39,L2063L,large_polymerase_protein,T6189G,T to G,synonymous SNV,72,15,T6189G,L2063L,-
279D15_R.trim.fastq.gz,large_polymerase_protein H2078P,15852,1.67,H2078P,large_polymerase_protein,A6233C,A to C,nonsynonymous SNV,60,15,A6233C,H2078P,-
279D15_R.trim.fastq.gz,large_polymerase_protein L2095R,15903,1.75,L2095R,large_polymerase_protein,T6284G,T to G,nonsynonymous SNV,57,15,T6284G,L2095R,-
279D15_R.trim.fastq.gz,large_polymerase_protein S2111P,15950,3.03,S2111P,large_polymerase_protein,T6331C,T to C,nonsynonymous SNV,66,15,T6331C,S2111P,-
279D15_R.trim.fastq.gz,large_polymerase_protein G2112R,15953,1.59,G2112R,large_polymerase_protein,G6334A,G to A,nonsynonymous SNV,63,15,G6334A,G2112R,-
279D15_R.trim.fastq.gz,large_polymerase_protein E2170G,16128,1.75,E2170G,large_polymerase_protein,A6509G,A to G,nonsynonymous SNV,57,15,A6509G,E2170G,-
279D15_R.trim.fastq.gz,large_polymerase_protein Y687X,11680,1.25,Y687X,large_polymerase_protein,C2061A,C to A,stopgain,80,15,C2061A,Y687X,-
279D15_R.trim.fastq.gz,large_polymerase_protein E822X,12083,1.67,E822X,large_polymerase_protein,G2464T,G to T,stopgain,60,15,G2464T,E822X,-
279D15_R.trim.fastq.gz,large_polymerase_protein S1300X,13518,1.64,S1300X,large_polymerase_protein,C3899A,C to A,stopgain,61,15,C3899A,S1300X,-
279D15_R.trim.fastq.gz,large_polymerase_protein W1495X,14104,2.5,W1495X,large_polymerase_protein,G4485A,G to A,stopgain,40,15,G4485A,W1495X,-
473D5_R.trim.fastq.gz,nucleoprotein_N L4H,42,1.18,L4H,nucleoprotein_N,T11A,T to A,nonsynonymous SNV,85,5,T11A,L4H,-
473D5_R.trim.fastq.gz,nucleoprotein_N S107C,350,1.23,S107C,nucleoprotein_N,A319T,A to T,nonsynonymous SNV,81,5,A319T,S107C,-
473D5_R.trim.fastq.gz,nucleoprotein_N L147M,470,1.61,L147M,nucleoprotein_N,T439A,T to A,nonsynonymous SNV,62,5,T439A,L147M,-
473D5_R.trim.fastq.gz,nucleoprotein_N L178P,564,1.02,L178P,nucleoprotein_N,T533C,T to C,nonsynonymous SNV,98,5,T533C,L178P,-
473D5_R.trim.fastq.gz,nucleoprotein_N A184A,583,1.01,A184A,nucleoprotein_N,T552G,T to G,synonymous SNV,99,5,T552G,A184A,-
473D5_R.trim.fastq.gz,nucleoprotein_N P185P,586,1.06,P185P,nucleoprotein_N,T555G,T to G,synonymous SNV,94,5,T555G,P185P,-
473D5_R.trim.fastq.gz,nucleoprotein_N S191L,603,1.06,S191L,nucleoprotein_N,C572T,C to T,nonsynonymous SNV,94,5,C572T,S191L,-
473D5_R.trim.fastq.gz,nucleoprotein_N K198N,625,1.18,K198N,nucleoprotein_N,G594T,G to T,nonsynonymous SNV,85,5,G594T,K198N,-
473D5_R.trim.fastq.gz,nucleoprotein_N Y199D,626,1.22,Y199D,nucleoprotein_N,T595G,T to G,nonsynonymous SNV,82,5,T595G,Y199D,-
473D5_R.trim.fastq.gz,nucleoprotein_N L216F,677,2.47,L216F,nucleoprotein_N,C646T,C to T,nonsynonymous SNV,81,5,C646T,L216F,-
473D5_R.trim.fastq.gz,nucleoprotein_N I223V,698,1.43,I223V,nucleoprotein_N,A667G,A to G,nonsynonymous SNV,70,5,A667G,I223V,-
473D5_R.trim.fastq.gz,nucleoprotein_N R242L,756,1.32,R242L,nucleoprotein_N,G725T,G to T,nonsynonymous SNV,76,5,G725T,R242L,-
473D5_R.trim.fastq.gz,nucleoprotein_N F269L,838,1.37,F269L,nucleoprotein_N,C807A,C to A,nonsynonymous SNV,73,5,C807A,F269L,-
473D5_R.trim.fastq.gz,nucleoprotein_N L331V,1022,2.44,L331V,nucleoprotein_N,T991G,T to G,nonsynonymous SNV,41,5,T991G,L331V,-
473D5_R.trim.fastq.gz,nucleoprotein_N G365V,1125,2.27,G365V,nucleoprotein_N,G1094T,G to T,nonsynonymous SNV,44,5,G1094T,G365V,-
473D5_R.trim.fastq.gz,nucleoprotein_N K413T,1269,2.44,K413T,nucleoprotein_N,A1238C,A to C,nonsynonymous SNV,41,5,A1238C,K413T,-
473D5_R.trim.fastq.gz,nucleoprotein_N K436E,1337,5.56,K436E,nucleoprotein_N,A1306G,A to G,nonsynonymous SNV,36,5,A1306G,K436E,-
473D5_R.trim.fastq.gz,nucleoprotein_N E458V,1404,3.57,E458V,nucleoprotein_N,A1373T,A to T,nonsynonymous SNV,28,5,A1373T,E458V,-
473D5_R.trim.fastq.gz,nucleoprotein_N V463A,1419,4.55,V463A,nucleoprotein_N,T1388C,T to C,nonsynonymous SNV,22,5,T1388C,V463A,-
473D5_R.trim.fastq.gz,phosphoprotein_P E31G,1660,1.05,E31G,phosphoprotein_P,A92G,A to G,nonsynonymous SNV,191,5,A92G,E31G,-
473D5_R.trim.fastq.gz,phosphoprotein_P R40P,1687,1.74,R40P,phosphoprotein_P,G119C,G to C,nonsynonymous SNV,172,5,G119C,R40P,-
473D5_R.trim.fastq.gz,phosphoprotein_P L190L,2138,1.02,L190L,phosphoprotein_P,G570A,G to A,synonymous SNV,98,5,G570A,L190L,-
473D5_R.trim.fastq.gz,phosphoprotein_P S247P,2307,1.12,S247P,phosphoprotein_P,T739C,T to C,nonsynonymous SNV,89,5,T739C,S247P,-
473D5_R.trim.fastq.gz,phosphoprotein_P N249H,2313,1.16,N249H,phosphoprotein_P,A745C,A to C,complex,86,5,A745C,N249H,-
473D5_R.trim.fastq.gz,phosphoprotein_P N249K,2315,1.18,N249K,phosphoprotein_P,T747G,T to G,complex,85,5,T747G,N249K,-
473D5_R.trim.fastq.gz,phosphoprotein_P G250C,2316,1.19,G250C,phosphoprotein_P,G748T,G to T,nonsynonymous SNV,84,5,G748T,G250C,-
473D5_R.trim.fastq.gz,phosphoprotein_P K296N,2456,2.3,K296N,phosphoprotein_P,G888T,G to T,nonsynonymous SNV,87,5,G888T,K296N,-
473D5_R.trim.fastq.gz,phosphoprotein_P E327G,2548,1.45,E327G,phosphoprotein_P,A980G,A to G,nonsynonymous SNV,69,5,A980G,E327G,-
473D5_R.trim.fastq.gz,phosphoprotein_P L342I,2592,1.47,L342I,phosphoprotein_P,C1024A,C to A,nonsynonymous SNV,68,5,C1024A,L342I,-
473D5_R.trim.fastq.gz,phosphoprotein_P D347N,2607,1.37,D347N,phosphoprotein_P,G1039A,G to A,nonsynonymous SNV,73,5,G1039A,D347N,-
473D5_R.trim.fastq.gz,phosphoprotein_P L437L,2879,4.88,L437L,phosphoprotein_P,C1311T,C to T,synonymous SNV,41,5,C1311T,L437L,-
473D5_R.trim.fastq.gz,matrix_protein_M P23P,3268,1.89,P23P,matrix_protein_M,C69A,C to A,synonymous SNV,53,5,C69A,P23P,-
473D5_R.trim.fastq.gz,matrix_protein_M F54F,3361,1.85,F54F,matrix_protein_M,T162C,T to C,synonymous SNV,54,5,T162C,F54F,-
473D5_R.trim.fastq.gz,matrix_protein_M L90F,3469,2.13,L90F,matrix_protein_M,A270C,A to C,nonsynonymous SNV,47,5,A270C,L90F,-
473D5_R.trim.fastq.gz,matrix_protein_M M91L,3470,100,M91L,matrix_protein_M,A271T,A to T,nonsynonymous SNV,45,5,A271T,M91L,-
473D5_R.trim.fastq.gz,matrix_protein_M K126T,3576,2.78,K126T,matrix_protein_M,A377C,A to C,nonsynonymous SNV,36,5,A377C,K126T,-
473D5_R.trim.fastq.gz,matrix_protein_M G132R,3593,2.78,G132R,matrix_protein_M,G394C,G to C,nonsynonymous SNV,36,5,G394C,G132R,-
473D5_R.trim.fastq.gz,matrix_protein_M G169R,3704,5.71,G169R,matrix_protein_M,G505C,G to C,nonsynonymous SNV,35,5,G505C,G169R,-
473D5_R.trim.fastq.gz,matrix_protein_M V247L,3938,2.63,V247L,matrix_protein_M,G739T,G to T,nonsynonymous SNV,38,5,G739T,V247L,-
473D5_R.trim.fastq.gz,matrix_protein_M A269S,4004,1.89,A269S,matrix_protein_M,G805T,G to T,nonsynonymous SNV,53,5,G805T,A269S,-
473D5_R.trim.fastq.gz,matrix_protein_M V303V,4108,2.38,V303V,matrix_protein_M,A909C,A to C,synonymous SNV,42,5,A909C,V303V,-
473D5_R.trim.fastq.gz,fusion_protein_F P12P,4738,4.35,P12P,fusion_protein_F,A36C,A to C,synonymous SNV,23,5,A36C,P12P,-
473D5_R.trim.fastq.gz,fusion_protein_F T15P,4745,7.69,T15P,fusion_protein_F,A43C,A to C,nonsynonymous SNV,14,5,A43C,T15P,-
473D5_R.trim.fastq.gz,fusion_protein_F Q16P,4749,9.09,Q16P,fusion_protein_F,A47C,A to C,nonsynonymous SNV,12,5,A47C,Q16P,-
473D5_R.trim.fastq.gz,fusion_protein_F Q17H,4753,7.69,Q17H,fusion_protein_F,A51C,A to C,nonsynonymous SNV,14,5,A51C,Q17H,-
473D5_R.trim.fastq.gz,fusion_protein_F Q22H,4768,5.88,Q22H,fusion_protein_F,A66C,A to C,nonsynonymous SNV,17,5,A66C,Q22H,-
473D5_R.trim.fastq.gz,fusion_protein_F H23P,4770,7.69,H23P,fusion_protein_F,A68C,A to C,nonsynonymous SNV,13,5,A68C,H23P,-
473D5_R.trim.fastq.gz,fusion_protein_F S24R,4774,7.14,S24R,fusion_protein_F,T72G,T to G,nonsynonymous SNV,14,5,T72G,S24R,-
473D5_R.trim.fastq.gz,fusion_protein_F S396S,5890,3.03,S396S,fusion_protein_F,A1188T,A to T,synonymous SNV,33,5,A1188T,S396S,-
473D5_R.trim.fastq.gz,fusion_protein_F M487L,6161,3.85,M487L,fusion_protein_F,A1459T,A to T,nonsynonymous SNV,26,5,A1459T,M487L,-
473D5_R.trim.fastq.gz,fusion_protein_F A500V,6201,4.76,A500V,fusion_protein_F,C1499T,C to T,nonsynonymous SNV,21,5,C1499T,A500V,-
473D5_R.trim.fastq.gz,fusion_protein_F S611R,6535,6.67,S611R,fusion_protein_F,C1833G,C to G,nonsynonymous SNV,15,5,C1833G,S611R,-
473D5_R.trim.fastq.gz,hemagglutinin_protein_H L2P,6851,5.56,L2P,hemagglutinin_protein_H,T5C,T to C,nonsynonymous SNV,18,5,T5C,L2P,-
473D5_R.trim.fastq.gz,hemagglutinin_protein_H Y4H,6856,4.17,Y4H,hemagglutinin_protein_H,T10C,T to C,nonsynonymous SNV,24,5,T10C,Y4H,-
473D5_R.trim.fastq.gz,hemagglutinin_protein_H D14D,6888,3.45,D14D,hemagglutinin_protein_H,T42C,T to C,synonymous SNV,29,5,T42C,D14D,-
473D5_R.trim.fastq.gz,hemagglutinin_protein_H A18A,6900,2.86,A18A,hemagglutinin_protein_H,T54C,T to C,synonymous SNV,35,5,T54C,A18A,-
473D5_R.trim.fastq.gz,hemagglutinin_protein_H L23L,6915,2.7,L23L,hemagglutinin_protein_H,G69C,G to C,synonymous SNV,37,5,G69C,L23L,-
473D5_R.trim.fastq.gz,hemagglutinin_protein_H R34I,6947,2.27,R34I,hemagglutinin_protein_H,G101T,G to T,nonsynonymous SNV,44,5,G101T,R34I,-
473D5_R.trim.fastq.gz,hemagglutinin_protein_H Y37Y,6957,2.27,Y37Y,hemagglutinin_protein_H,T111C,T to C,synonymous SNV,44,5,T111C,Y37Y,-
473D5_R.trim.fastq.gz,hemagglutinin_protein_H M68K,7049,3.57,M68K,hemagglutinin_protein_H,T203A,T to A,nonsynonymous SNV,28,5,T203A,M68K,-
473D5_R.trim.fastq.gz,hemagglutinin_protein_H I140V,7264,4.76,I140V,hemagglutinin_protein_H,A418G,A to G,nonsynonymous SNV,21,5,A418G,I140V,-
473D5_R.trim.fastq.gz,hemagglutinin_protein_H G190G,7416,12.5,G190G,hemagglutinin_protein_H,A570T,A to T,synonymous SNV,8,5,A570T,G190G,-
473D5_R.trim.fastq.gz,hemagglutinin_protein_H I347V,7885,7.14,I347V,hemagglutinin_protein_H,A1039G,A to G,nonsynonymous SNV,14,5,A1039G,I347V,-
473D5_R.trim.fastq.gz,hemagglutinin_protein_H P429S,8131,4.35,P429S,hemagglutinin_protein_H,C1285T,C to T,nonsynonymous SNV,23,5,C1285T,P429S,-
473D5_R.trim.fastq.gz,hemagglutinin_protein_H I522I,8412,4.55,I522I,hemagglutinin_protein_H,A1566C,A to C,synonymous SNV,22,5,A1566C,I522I,-
473D5_R.trim.fastq.gz,V_protein_ribosomal_slippage E31G,1660,1.05,E31G,V_protein_ribosomal_slippage,A92G,A to G,nonsynonymous SNV,191,5,A92G,E31G,-
473D5_R.trim.fastq.gz,V_protein_ribosomal_slippage R40P,1687,1.74,R40P,V_protein_ribosomal_slippage,G119C,G to C,nonsynonymous SNV,172,5,G119C,R40P,-
473D5_R.trim.fastq.gz,V_protein_ribosomal_slippage L190L,2138,1.02,L190L,V_protein_ribosomal_slippage,G570A,G to A,synonymous SNV,98,5,G570A,L190L,-
473D5_R.trim.fastq.gz,V_protein_ribosomal_slippage I17T,2307,1.12,I17T,V_protein_ribosomal_slippage,T50C,T to C,nonsynonymous SNV,89,5,T740C,I247T,-
473D5_R.trim.fastq.gz,V_protein_ribosomal_slippage K19T,2313,1.16,K19T,V_protein_ribosomal_slippage,A56C,A to C,nonsynonymous SNV,86,5,A746C,K249T,-
473D5_R.trim.fastq.gz,V_protein_ribosomal_slippage W20G,2315,1.18,W20G,V_protein_ribosomal_slippage,T58G,T to G,complex,85,5,T748G,W250G,-
473D5_R.trim.fastq.gz,V_protein_ribosomal_slippage W20L,2316,1.19,W20L,V_protein_ribosomal_slippage,G59T,G to T,complex,84,5,G749T,W250L,-
473D5_R.trim.fastq.gz,V_protein_ribosomal_slippage D67Y,2456,2.3,D67Y,V_protein_ribosomal_slippage,G199T,G to T,nonsynonymous SNV,87,5,G889T,D297Y,-
473D5_R.trim.fastq.gz,phosphoprotein_P E306X,2484,1.37,E306X,phosphoprotein_P,G916T,G to T,stopgain,73,5,G916T,E306X,-
InocCDV_R.trim.fastq.gz,phosphoprotein_P P413P,2807,6.82,P413P,phosphoprotein_P,C1239T,C to T,synonymous SNV,5722,0,C1239T,P413P,-
InocCDV_R.trim.fastq.gz,matrix_protein_M M91L,3470,45.03,M91L,matrix_protein_M,A271T,A to T,nonsynonymous SNV,5406,0,A271T,M91L,-
InocCDV_R.trim.fastq.gz,hemagglutinin_protein_H V8A,6869,1.32,V8A,hemagglutinin_protein_H,T23C,T to C,nonsynonymous SNV,2502,0,T23C,V8A,-
InocCDV_R.trim.fastq.gz,hemagglutinin_protein_H V318A,7799,1.44,V318A,hemagglutinin_protein_H,T953C,T to C,nonsynonymous SNV,2717,0,T953C,V318A,-