Sample,Amino Acid Change,Position,AF,Change,Protein,NucleotideChange,LetterChange,Syn,Depth,Passage
250D5_R1.trim.fastq.gz.fastq,nucleoprotein_N R195R,616,8.04,R195R,nucleoprotein_N,G585A,G to A,synonymous SNV,560,5
250D5_R1.trim.fastq.gz.fastq,nucleoprotein_N L380F,1169,1.06,L380F,nucleoprotein_N,C1138T,C to T,nonsynonymous SNV,282,5
250D5_R1.trim.fastq.gz.fastq,nucleoprotein_N E458K,1403,1.2,E458K,nucleoprotein_N,G1372A,G to A,nonsynonymous SNV,83,5
250D5_R1.trim.fastq.gz.fastq,phosphoprotein_P T220A,2226,1.36,T220A,phosphoprotein_P,A658G,A to G,nonsynonymous SNV,367,5
250D5_R1.trim.fastq.gz.fastq,phosphoprotein_P P294L,2449,2.79,P294L,phosphoprotein_P,C881T,C to T,nonsynonymous SNV,430,5
250D5_R1.trim.fastq.gz.fastq,phosphoprotein_P E496G,3055,1.6,E496G,phosphoprotein_P,A1487G,A to G,nonsynonymous SNV,125,5
250D5_R1.trim.fastq.gz.fastq,phosphoprotein_P T505S,3081,1.2,T505S,phosphoprotein_P,A1513T,A to T,nonsynonymous SNV,83,5
250D5_R1.trim.fastq.gz.fastq,matrix_protein_M Y232C,3894,1.08,Y232C,matrix_protein_M,A695G,A to G,nonsynonymous SNV,186,5
250D5_R1.trim.fastq.gz.fastq,matrix_protein_M L239L,3914,1.01,L239L,matrix_protein_M,C715T,C to T,synonymous SNV,198,5
250D5_R1.trim.fastq.gz.fastq,matrix_protein_M A249S,3944,1.03,A249S,matrix_protein_M,G745T,G to T,nonsynonymous SNV,195,5
250D5_R1.trim.fastq.gz.fastq,fusion_protein_F T15P,4745,7.35,T15P,fusion_protein_F,A43C,A to C,nonsynonymous SNV,68,5
250D5_R1.trim.fastq.gz.fastq,fusion_protein_F Q16P,4749,2.78,Q16P,fusion_protein_F,A47C,A to C,nonsynonymous SNV,73,5
250D5_R1.trim.fastq.gz.fastq,fusion_protein_F Q17P,4752,1.54,Q17P,fusion_protein_F,A50C,A to C,complex,66,5
250D5_R1.trim.fastq.gz.fastq,fusion_protein_F Q17H,4753,1.27,Q17H,fusion_protein_F,A51C,A to C,complex,81,5
250D5_R1.trim.fastq.gz.fastq,fusion_protein_F D18Y,4754,1.27,D18Y,fusion_protein_F,G52T,G to T,nonsynonymous SNV,80,5
250D5_R1.trim.fastq.gz.fastq,fusion_protein_F P21P,4765,1.28,P21P,fusion_protein_F,A63C,A to C,synonymous SNV,79,5
250D5_R1.trim.fastq.gz.fastq,fusion_protein_F Q22P,4767,1.15,Q22P,fusion_protein_F,A65C,A to C,nonsynonymous SNV,87,5
250D5_R1.trim.fastq.gz.fastq,fusion_protein_F H23Y,4769,1.12,H23Y,fusion_protein_F,C67T,C to T,complex,90,5
250D5_R1.trim.fastq.gz.fastq,fusion_protein_F H23P,4770,2.33,H23P,fusion_protein_F,A68C,A to C,complex,86,5
250D5_R1.trim.fastq.gz.fastq,fusion_protein_F H23H,4771,4.17,H23H,fusion_protein_F,T69C,T to C,complex,73,5
250D5_R1.trim.fastq.gz.fastq,fusion_protein_F S24S,4774,3.75,S24S,fusion_protein_F,T72C,T to C,synonymous SNV,80,5
250D5_R1.trim.fastq.gz.fastq,fusion_protein_F Y37H,4811,4.39,Y37H,fusion_protein_F,T109C,T to C,nonsynonymous SNV,114,5
250D5_R1.trim.fastq.gz.fastq,fusion_protein_F Y59H,4877,3.68,Y59H,fusion_protein_F,T175C,T to C,nonsynonymous SNV,136,5
250D5_R1.trim.fastq.gz.fastq,fusion_protein_F Y72H,4916,2.92,Y72H,fusion_protein_F,T214C,T to C,nonsynonymous SNV,137,5
250D5_R1.trim.fastq.gz.fastq,fusion_protein_F D75D,4927,3.08,D75D,fusion_protein_F,T225C,T to C,synonymous SNV,130,5
250D5_R1.trim.fastq.gz.fastq,fusion_protein_F I86T,4959,5.61,I86T,fusion_protein_F,T257C,T to C,nonsynonymous SNV,107,5
250D5_R1.trim.fastq.gz.fastq,fusion_protein_F S93S,4981,7.61,S93S,fusion_protein_F,T279C,T to C,synonymous SNV,92,5
250D5_R1.trim.fastq.gz.fastq,fusion_protein_F V98A,4995,6.93,V98A,fusion_protein_F,T293C,T to C,nonsynonymous SNV,101,5
250D5_R1.trim.fastq.gz.fastq,fusion_protein_F L316F,5650,1.32,L316F,fusion_protein_F,A948T,A to T,nonsynonymous SNV,152,5
250D5_R1.trim.fastq.gz.fastq,fusion_protein_F I377L,5831,1.49,I377L,fusion_protein_F,A1129T,A to T,nonsynonymous SNV,135,5
250D5_R1.trim.fastq.gz.fastq,fusion_protein_F V403V,5911,1.69,V403V,fusion_protein_F,A1209T,A to T,synonymous SNV,177,5
250D5_R1.trim.fastq.gz.fastq,fusion_protein_F H409Y,5927,1.27,H409Y,fusion_protein_F,C1225T,C to T,nonsynonymous SNV,157,5
250D5_R1.trim.fastq.gz.fastq,fusion_protein_F A503V,6210,1.06,A503V,fusion_protein_F,C1508T,C to T,nonsynonymous SNV,94,5
250D5_R1.trim.fastq.gz.fastq,fusion_protein_F Y510F,6231,4.44,Y510F,fusion_protein_F,A1529T,A to T,nonsynonymous SNV,90,5
250D5_R1.trim.fastq.gz.fastq,fusion_protein_F L534L,6304,1.12,L534L,fusion_protein_F,G1602T,G to T,synonymous SNV,89,5
250D5_R1.trim.fastq.gz.fastq,fusion_protein_F G539C,6317,1.15,G539C,fusion_protein_F,G1615T,G to T,nonsynonymous SNV,87,5
250D5_R1.trim.fastq.gz.fastq,fusion_protein_F I542I,6328,1.12,I542I,fusion_protein_F,C1626A,C to A,synonymous SNV,89,5
250D5_R1.trim.fastq.gz.fastq,fusion_protein_F P550L,6351,1.11,P550L,fusion_protein_F,C1649T,C to T,nonsynonymous SNV,90,5
250D5_R1.trim.fastq.gz.fastq,fusion_protein_F N574K,6424,2.06,N574K,fusion_protein_F,T1722A,T to A,nonsynonymous SNV,97,5
250D5_R1.trim.fastq.gz.fastq,fusion_protein_F K580N,6442,2.08,K580N,fusion_protein_F,G1740T,G to T,nonsynonymous SNV,96,5
250D5_R1.trim.fastq.gz.fastq,hemagglutinin_protein_H N391I,8018,1.72,N391I,hemagglutinin_protein_H,A1172T,A to T,nonsynonymous SNV,174,5
250D5_R1.trim.fastq.gz.fastq,hemagglutinin_protein_H G557S,8515,1.41,G557S,hemagglutinin_protein_H,G1669A,G to A,nonsynonymous SNV,71,5
250D5_R1.trim.fastq.gz.fastq,large_polymerase_protein A1226S,13295,25,A1226S,large_polymerase_protein,G3676T,G to T,nonsynonymous SNV,4,5
250D5_R1.trim.fastq.gz.fastq,large_polymerase_protein D1724E,14791,25,D1724E,large_polymerase_protein,T5172G,T to G,nonsynonymous SNV,4,5
250D5_R1.trim.fastq.gz.fastq,large_polymerase_protein T1998A,15611,20,T1998A,large_polymerase_protein,A5992G,A to G,nonsynonymous SNV,5,5
250D5_R1.trim.fastq.gz.fastq,V_protein_ribosomal_slippage T220A,2226,1.36,T220A,V_protein_ribosomal_slippage,A658G,A to G,nonsynonymous SNV,367,5
250D5_R1.trim.fastq.gz.fastq,V_protein_ribosomal_slippage P64P,2449,2.79,P64P,V_protein_ribosomal_slippage,C192T,C to T,synonymous SNV,430,5
250D5_R1.trim.fastq.gz.fastq,fusion_protein_F Q268X,5504,1.57,Q268X,fusion_protein_F,C802T,C to T,stopgain,127,5
250D5_R1.trim.fastq.gz.fastq,fusion_protein_F L325X,5676,1.32,L325X,fusion_protein_F,T974A,T to A,stopgain,152,5
250D5_R1.trim.fastq.gz.fastq,fusion_protein_F E536X,6308,1.1,E536X,fusion_protein_F,G1606T,G to T,stopgain,91,5
271D19_R1.trim.fastq.gz.fastq,phosphoprotein_P D177G,2098,2.6,D177G,phosphoprotein_P,A530G,A to G,nonsynonymous SNV,3384,19
271D19_R1.trim.fastq.gz.fastq,matrix_protein_M R71R,3410,11.81,R71R,matrix_protein_M,A211C,A to C,synonymous SNV,1194,19
271D19_R1.trim.fastq.gz.fastq,matrix_protein_M T263T,3988,1.04,T263T,matrix_protein_M,T789C,T to C,synonymous SNV,1927,19
271D19_R1.trim.fastq.gz.fastq,fusion_protein_F T15P,4745,9.77,T15P,fusion_protein_F,A43C,A to C,nonsynonymous SNV,215,19
271D19_R1.trim.fastq.gz.fastq,fusion_protein_F Q16P,4749,7.96,Q16P,fusion_protein_F,A47C,A to C,nonsynonymous SNV,204,19
271D19_R1.trim.fastq.gz.fastq,fusion_protein_F Q17P,4752,1.42,Q17P,fusion_protein_F,A50C,A to C,nonsynonymous SNV,215,19
271D19_R1.trim.fastq.gz.fastq,fusion_protein_F P21P,4765,1.33,P21P,fusion_protein_F,A63C,A to C,synonymous SNV,225,19
271D19_R1.trim.fastq.gz.fastq,fusion_protein_F Q22P,4767,1.6,Q22P,fusion_protein_F,A65C,A to C,nonsynonymous SNV,251,19
271D19_R1.trim.fastq.gz.fastq,fusion_protein_F S27Y,4782,1.2,S27Y,fusion_protein_F,C80A,C to A,nonsynonymous SNV,249,19
271D19_R1.trim.fastq.gz.fastq,fusion_protein_F G125G,5077,17.65,G125G,fusion_protein_F,A375G,A to G,synonymous SNV,578,19
271D19_R1.trim.fastq.gz.fastq,fusion_protein_F S611N,6534,1.19,S611N,fusion_protein_F,G1832A,G to A,nonsynonymous SNV,757,19
271D19_R1.trim.fastq.gz.fastq,large_polymerase_protein D342N,10643,3.23,D342N,large_polymerase_protein,G1024A,G to A,nonsynonymous SNV,31,19
271D19_R1.trim.fastq.gz.fastq,large_polymerase_protein L469L,11026,7.69,L469L,large_polymerase_protein,G1407A,G to A,synonymous SNV,13,19
271D19_R1.trim.fastq.gz.fastq,large_polymerase_protein T585N,11373,10,T585N,large_polymerase_protein,C1754A,C to A,nonsynonymous SNV,20,19
271D19_R1.trim.fastq.gz.fastq,large_polymerase_protein R605P,11433,15.38,R605P,large_polymerase_protein,G1814C,G to C,nonsynonymous SNV,13,19
271D19_R1.trim.fastq.gz.fastq,large_polymerase_protein Q610P,11448,11.11,Q610P,large_polymerase_protein,A1829C,A to C,nonsynonymous SNV,18,19
271D19_R1.trim.fastq.gz.fastq,large_polymerase_protein S708R,11743,12.5,S708R,large_polymerase_protein,T2124A,T to A,nonsynonymous SNV,8,19
271D19_R1.trim.fastq.gz.fastq,large_polymerase_protein K1121T,12981,4.76,K1121T,large_polymerase_protein,A3362C,A to C,nonsynonymous SNV,21,19
271D19_R1.trim.fastq.gz.fastq,large_polymerase_protein A1137A,13030,5.56,A1137A,large_polymerase_protein,G3411A,G to A,synonymous SNV,18,19
271D19_R1.trim.fastq.gz.fastq,large_polymerase_protein S1319F,13575,5.88,S1319F,large_polymerase_protein,C3956T,C to T,nonsynonymous SNV,17,19
271D19_R1.trim.fastq.gz.fastq,large_polymerase_protein A1323A,13588,6.25,A1323A,large_polymerase_protein,T3969C,T to C,synonymous SNV,16,19
271D19_R1.trim.fastq.gz.fastq,large_polymerase_protein A1955D,15483,2.63,A1955D,large_polymerase_protein,C5864A,C to A,nonsynonymous SNV,38,19
271D19_R1.trim.fastq.gz.fastq,V_protein_ribosomal_slippage D177G,2098,2.6,D177G,V_protein_ribosomal_slippage,A530G,A to G,nonsynonymous SNV,3384,19
275D19_R1.trim.fastq.gz.fastq,nucleoprotein_N S3T,39,3.27,S3T,nucleoprotein_N,G8C,G to C,nonsynonymous SNV,1130,19
275D19_R1.trim.fastq.gz.fastq,nucleoprotein_N E129K,416,2.83,E129K,nucleoprotein_N,G385A,G to A,nonsynonymous SNV,1451,19
275D19_R1.trim.fastq.gz.fastq,phosphoprotein_P E65D,1763,1.66,E65D,phosphoprotein_P,G195T,G to T,nonsynonymous SNV,3493,19
275D19_R1.trim.fastq.gz.fastq,fusion_protein_F T15P,4745,7.43,T15P,fusion_protein_F,A43C,A to C,nonsynonymous SNV,204,19
275D19_R1.trim.fastq.gz.fastq,fusion_protein_F Q16P,4749,3.9,Q16P,fusion_protein_F,A47C,A to C,complex,207,19
275D19_R1.trim.fastq.gz.fastq,fusion_protein_F Q16H,4750,1.19,Q16H,fusion_protein_F,A48C,A to C,complex,256,19
275D19_R1.trim.fastq.gz.fastq,fusion_protein_F Q17P,4752,3.43,Q17P,fusion_protein_F,A50C,A to C,nonsynonymous SNV,206,19
275D19_R1.trim.fastq.gz.fastq,fusion_protein_F M61T,4884,5.42,M61T,fusion_protein_F,T182C,T to C,nonsynonymous SNV,480,19
275D19_R1.trim.fastq.gz.fastq,fusion_protein_F N140K,5122,1.54,N140K,fusion_protein_F,T420G,T to G,nonsynonymous SNV,518,19
275D19_R1.trim.fastq.gz.fastq,fusion_protein_F D474V,6123,7.96,D474V,fusion_protein_F,A1421T,A to T,nonsynonymous SNV,427,19
275D19_R1.trim.fastq.gz.fastq,hemagglutinin_protein_H V568L,8548,1.88,V568L,hemagglutinin_protein_H,G1702T,G to T,nonsynonymous SNV,692,19
275D19_R1.trim.fastq.gz.fastq,large_polymerase_protein P12P,9655,5.56,P12P,large_polymerase_protein,T36A,T to A,synonymous SNV,18,19
275D19_R1.trim.fastq.gz.fastq,large_polymerase_protein V501I,11120,8,V501I,large_polymerase_protein,G1501A,G to A,nonsynonymous SNV,25,19
275D19_R1.trim.fastq.gz.fastq,large_polymerase_protein Y532N,11213,5.26,Y532N,large_polymerase_protein,T1594A,T to A,nonsynonymous SNV,19,19
275D19_R1.trim.fastq.gz.fastq,large_polymerase_protein S627P,11498,4.35,S627P,large_polymerase_protein,T1879C,T to C,nonsynonymous SNV,23,19
275D19_R1.trim.fastq.gz.fastq,large_polymerase_protein C668S,11621,2.94,C668S,large_polymerase_protein,T2002A,T to A,nonsynonymous SNV,34,19
275D19_R1.trim.fastq.gz.fastq,large_polymerase_protein Y673S,11637,2.86,Y673S,large_polymerase_protein,A2018C,A to C,nonsynonymous SNV,35,19
275D19_R1.trim.fastq.gz.fastq,large_polymerase_protein L700S,11718,2.94,L700S,large_polymerase_protein,T2099C,T to C,complex,34,19
275D19_R1.trim.fastq.gz.fastq,large_polymerase_protein L700F,11719,2.94,L700F,large_polymerase_protein,G2100T,G to T,complex,34,19
275D19_R1.trim.fastq.gz.fastq,large_polymerase_protein S910S,12349,7.14,S910S,large_polymerase_protein,A2730C,A to C,synonymous SNV,28,19
275D19_R1.trim.fastq.gz.fastq,large_polymerase_protein I1100K,12918,7.69,I1100K,large_polymerase_protein,T3299A,T to A,nonsynonymous SNV,13,19
275D19_R1.trim.fastq.gz.fastq,large_polymerase_protein L1198L,13213,15,L1198L,large_polymerase_protein,A3594G,A to G,synonymous SNV,20,19
275D19_R1.trim.fastq.gz.fastq,large_polymerase_protein R1289R,13486,6.06,R1289R,large_polymerase_protein,A3867G,A to G,synonymous SNV,33,19
275D19_R1.trim.fastq.gz.fastq,large_polymerase_protein G1301G,13522,5.41,G1301G,large_polymerase_protein,G3903T,G to T,synonymous SNV,37,19
275D19_R1.trim.fastq.gz.fastq,large_polymerase_protein G1382G,13765,5.26,G1382G,large_polymerase_protein,T4146G,T to G,synonymous SNV,19,19
275D19_R1.trim.fastq.gz.fastq,large_polymerase_protein G1630G,14509,3.85,G1630G,large_polymerase_protein,G4890A,G to A,synonymous SNV,26,19
275D19_R1.trim.fastq.gz.fastq,large_polymerase_protein S1995S,15604,6.25,S1995S,large_polymerase_protein,A5985T,A to T,synonymous SNV,16,19
275D19_R1.trim.fastq.gz.fastq,large_polymerase_protein D2072N,15833,5.26,D2072N,large_polymerase_protein,G6214A,G to A,nonsynonymous SNV,19,19
275D19_R1.trim.fastq.gz.fastq,V_protein_ribosomal_slippage E65D,1763,1.66,E65D,V_protein_ribosomal_slippage,G195T,G to T,nonsynonymous SNV,3493,19
275D19_R1.trim.fastq.gz.fastq,large_polymerase_protein E1713X,14756,3.23,E1713X,large_polymerase_protein,G5137T,G to T,stopgain,31,19
277D15_R1.trim.fastq.gz.fastq,nucleoprotein_N R195R,616,3.72,R195R,nucleoprotein_N,G585A,G to A,synonymous SNV,4732,15
277D15_R1.trim.fastq.gz.fastq,fusion_protein_F T15P,4745,9.09,T15P,fusion_protein_F,A43C,A to C,nonsynonymous SNV,254,15
277D15_R1.trim.fastq.gz.fastq,fusion_protein_F Q16P,4749,8.27,Q16P,fusion_protein_F,A47C,A to C,nonsynonymous SNV,267,15
277D15_R1.trim.fastq.gz.fastq,fusion_protein_F Q17P,4752,3.63,Q17P,fusion_protein_F,A50C,A to C,nonsynonymous SNV,248,15
277D15_R1.trim.fastq.gz.fastq,fusion_protein_F L205P,5316,4.56,L205P,fusion_protein_F,T614C,T to C,nonsynonymous SNV,702,15
277D15_R1.trim.fastq.gz.fastq,fusion_protein_F K356E,5768,3.79,K356E,fusion_protein_F,A1066G,A to G,nonsynonymous SNV,1029,15
277D15_R1.trim.fastq.gz.fastq,hemagglutinin_protein_H G31R,6937,8.1,G31R,hemagglutinin_protein_H,G91A,G to A,nonsynonymous SNV,1506,15
277D15_R1.trim.fastq.gz.fastq,hemagglutinin_protein_H Q116L,7193,1.24,Q116L,hemagglutinin_protein_H,A347T,A to T,nonsynonymous SNV,972,15
277D15_R1.trim.fastq.gz.fastq,hemagglutinin_protein_H G158G,7320,1.16,G158G,hemagglutinin_protein_H,G474A,G to A,synonymous SNV,1203,15
277D15_R1.trim.fastq.gz.fastq,hemagglutinin_protein_H I159V,7321,1.37,I159V,hemagglutinin_protein_H,A475G,A to G,nonsynonymous SNV,1168,15
277D15_R1.trim.fastq.gz.fastq,hemagglutinin_protein_H V235M,7549,1.41,V235M,hemagglutinin_protein_H,G703A,G to A,nonsynonymous SNV,1488,15
277D15_R1.trim.fastq.gz.fastq,large_polymerase_protein G123W,9986,5.71,G123W,large_polymerase_protein,G367T,G to T,nonsynonymous SNV,35,15
277D15_R1.trim.fastq.gz.fastq,large_polymerase_protein V205M,10232,6.25,V205M,large_polymerase_protein,G613A,G to A,nonsynonymous SNV,16,15
277D15_R1.trim.fastq.gz.fastq,large_polymerase_protein F353L,10678,2.7,F353L,large_polymerase_protein,T1059A,T to A,nonsynonymous SNV,37,15
277D15_R1.trim.fastq.gz.fastq,large_polymerase_protein C450S,10967,5,C450S,large_polymerase_protein,T1348A,T to A,nonsynonymous SNV,20,15
277D15_R1.trim.fastq.gz.fastq,large_polymerase_protein P453P,10978,5.56,P453P,large_polymerase_protein,C1359T,C to T,synonymous SNV,18,15
277D15_R1.trim.fastq.gz.fastq,large_polymerase_protein A470A,11029,11.11,A470A,large_polymerase_protein,A1410T,A to T,synonymous SNV,9,15
277D15_R1.trim.fastq.gz.fastq,large_polymerase_protein M553I,11278,5,M553I,large_polymerase_protein,G1659A,G to A,nonsynonymous SNV,20,15
277D15_R1.trim.fastq.gz.fastq,large_polymerase_protein S628S,11503,4,S628S,large_polymerase_protein,C1884A,C to A,synonymous SNV,25,15
277D15_R1.trim.fastq.gz.fastq,large_polymerase_protein D839E,12136,5.26,D839E,large_polymerase_protein,T2517G,T to G,nonsynonymous SNV,19,15
277D15_R1.trim.fastq.gz.fastq,large_polymerase_protein A1074P,12839,13.33,A1074P,large_polymerase_protein,G3220C,G to C,nonsynonymous SNV,15,15
277D15_R1.trim.fastq.gz.fastq,large_polymerase_protein A1226T,13295,3.57,A1226T,large_polymerase_protein,G3676A,G to A,nonsynonymous SNV,28,15
277D15_R1.trim.fastq.gz.fastq,large_polymerase_protein K1264E,13409,2.44,K1264E,large_polymerase_protein,A3790G,A to G,nonsynonymous SNV,41,15
277D15_R1.trim.fastq.gz.fastq,large_polymerase_protein R1275Q,13443,7.89,R1275Q,large_polymerase_protein,G3824A,G to A,nonsynonymous SNV,38,15
277D15_R1.trim.fastq.gz.fastq,large_polymerase_protein P1373P,13738,3.03,P1373P,large_polymerase_protein,C4119A,C to A,synonymous SNV,33,15
277D15_R1.trim.fastq.gz.fastq,large_polymerase_protein Y1765N,14912,2.56,Y1765N,large_polymerase_protein,T5293A,T to A,nonsynonymous SNV,39,15
277D15_R1.trim.fastq.gz.fastq,large_polymerase_protein Q1821H,15082,2.13,Q1821H,large_polymerase_protein,A5463C,A to C,nonsynonymous SNV,47,15
277D15_R1.trim.fastq.gz.fastq,large_polymerase_protein G1850G,15169,1.72,G1850G,large_polymerase_protein,G5550T,G to T,synonymous SNV,58,15
277D15_R1.trim.fastq.gz.fastq,large_polymerase_protein V1968V,15523,2,V1968V,large_polymerase_protein,C5904T,C to T,synonymous SNV,50,15
277D15_R1.trim.fastq.gz.fastq,large_polymerase_protein G1820X,15077,2.04,G1820X,large_polymerase_protein,G5458T,G to T,stopgain,49,15
278D19_R1.trim.fastq.gz.fastq,nucleoprotein_N L51L,182,10.6,L51L,nucleoprotein_N,C151T,C to T,synonymous SNV,1340,19
278D19_R1.trim.fastq.gz.fastq,fusion_protein_F T15P,4745,12.2,T15P,fusion_protein_F,A43C,A to C,nonsynonymous SNV,255,19
278D19_R1.trim.fastq.gz.fastq,fusion_protein_F Q16P,4749,7.33,Q16P,fusion_protein_F,A47C,A to C,complex,236,19
278D19_R1.trim.fastq.gz.fastq,fusion_protein_F Q16H,4750,1.17,Q16H,fusion_protein_F,A48C,A to C,complex,345,19
278D19_R1.trim.fastq.gz.fastq,fusion_protein_F Q17P,4752,3.57,Q17P,fusion_protein_F,A50C,A to C,nonsynonymous SNV,227,19
278D19_R1.trim.fastq.gz.fastq,fusion_protein_F P21P,4765,1.99,P21P,fusion_protein_F,A63C,A to C,synonymous SNV,253,19
278D19_R1.trim.fastq.gz.fastq,fusion_protein_F Q22P,4767,1.42,Q22P,fusion_protein_F,A65C,A to C,nonsynonymous SNV,282,19
278D19_R1.trim.fastq.gz.fastq,fusion_protein_F H23Q,4771,1.24,H23Q,fusion_protein_F,T69A,T to A,nonsynonymous SNV,242,19
278D19_R1.trim.fastq.gz.fastq,fusion_protein_F S24R,4774,1.11,S24R,fusion_protein_F,T72G,T to G,nonsynonymous SNV,271,19
278D19_R1.trim.fastq.gz.fastq,fusion_protein_F R73S,4921,2.71,R73S,fusion_protein_F,A219T,A to T,nonsynonymous SNV,480,19
278D19_R1.trim.fastq.gz.fastq,hemagglutinin_protein_H K161E,7327,3.84,K161E,hemagglutinin_protein_H,A481G,A to G,nonsynonymous SNV,1041,19
278D19_R1.trim.fastq.gz.fastq,hemagglutinin_protein_H V235M,7549,4.53,V235M,hemagglutinin_protein_H,G703A,G to A,nonsynonymous SNV,1039,19
278D19_R1.trim.fastq.gz.fastq,hemagglutinin_protein_H E332D,7842,1.73,E332D,hemagglutinin_protein_H,A996T,A to T,nonsynonymous SNV,1038,19
278D19_R1.trim.fastq.gz.fastq,hemagglutinin_protein_H I598I,8640,1.2,I598I,hemagglutinin_protein_H,A1794C,A to C,synonymous SNV,249,19
278D19_R1.trim.fastq.gz.fastq,large_polymerase_protein L534L,11221,5.26,L534L,large_polymerase_protein,T1602A,T to A,synonymous SNV,19,19
278D19_R1.trim.fastq.gz.fastq,large_polymerase_protein V593V,11398,23.08,V593V,large_polymerase_protein,G1779T,G to T,synonymous SNV,26,19
278D19_R1.trim.fastq.gz.fastq,large_polymerase_protein L607F,11438,3.12,L607F,large_polymerase_protein,C1819T,C to T,nonsynonymous SNV,32,19
278D19_R1.trim.fastq.gz.fastq,large_polymerase_protein W994C,12601,8.33,W994C,large_polymerase_protein,G2982T,G to T,nonsynonymous SNV,12,19
278D19_R1.trim.fastq.gz.fastq,large_polymerase_protein Q1007K,12638,9.09,Q1007K,large_polymerase_protein,C3019A,C to A,nonsynonymous SNV,11,19
278D19_R1.trim.fastq.gz.fastq,large_polymerase_protein R1052K,12774,6.25,R1052K,large_polymerase_protein,G3155A,G to A,nonsynonymous SNV,16,19
278D19_R1.trim.fastq.gz.fastq,large_polymerase_protein S1089R,12884,6.25,S1089R,large_polymerase_protein,A3265C,A to C,nonsynonymous SNV,16,19
278D19_R1.trim.fastq.gz.fastq,large_polymerase_protein I1115T,12963,5.88,I1115T,large_polymerase_protein,T3344C,T to C,nonsynonymous SNV,17,19
278D19_R1.trim.fastq.gz.fastq,large_polymerase_protein I1201T,13221,5,I1201T,large_polymerase_protein,T3602C,T to C,nonsynonymous SNV,20,19
278D19_R1.trim.fastq.gz.fastq,large_polymerase_protein G1204G,13231,5,G1204G,large_polymerase_protein,A3612T,A to T,synonymous SNV,20,19
278D19_R1.trim.fastq.gz.fastq,large_polymerase_protein R1233R,13318,11.11,R1233R,large_polymerase_protein,G3699A,G to A,synonymous SNV,27,19
278D19_R1.trim.fastq.gz.fastq,large_polymerase_protein T1243P,13346,4.35,T1243P,large_polymerase_protein,A3727C,A to C,nonsynonymous SNV,23,19
278D19_R1.trim.fastq.gz.fastq,large_polymerase_protein A1793E,14997,4.55,A1793E,large_polymerase_protein,C5378A,C to A,nonsynonymous SNV,22,19
278D19_R1.trim.fastq.gz.fastq,large_polymerase_protein E311X,10550,6.25,E311X,large_polymerase_protein,G931T,G to T,stopgain,16,19
279D15_R1.trim.fastq.gz.fastq,phosphoprotein_P P413P,2807,1.41,P413P,phosphoprotein_P,C1239T,C to T,synonymous SNV,1839,15
279D15_R1.trim.fastq.gz.fastq,fusion_protein_F T15P,4745,7.75,T15P,fusion_protein_F,A43C,A to C,nonsynonymous SNV,272,15
279D15_R1.trim.fastq.gz.fastq,fusion_protein_F Q16P,4749,13.36,Q16P,fusion_protein_F,A47C,A to C,complex,279,15
279D15_R1.trim.fastq.gz.fastq,fusion_protein_F Q16H,4750,1.04,Q16H,fusion_protein_F,A48C,A to C,complex,388,15
279D15_R1.trim.fastq.gz.fastq,fusion_protein_F Q17P,4752,5.34,Q17P,fusion_protein_F,A50C,A to C,nonsynonymous SNV,282,15
279D15_R1.trim.fastq.gz.fastq,fusion_protein_F P21P,4765,1.46,P21P,fusion_protein_F,A63C,A to C,synonymous SNV,278,15
279D15_R1.trim.fastq.gz.fastq,fusion_protein_F N108N,5026,3.4,N108N,fusion_protein_F,T324C,T to C,synonymous SNV,529,15
279D15_R1.trim.fastq.gz.fastq,hemagglutinin_protein_H N19D,6901,3.88,N19D,hemagglutinin_protein_H,A55G,A to G,nonsynonymous SNV,515,15
279D15_R1.trim.fastq.gz.fastq,hemagglutinin_protein_H G241R,7567,1.61,G241R,hemagglutinin_protein_H,G721A,G to A,nonsynonymous SNV,560,15
279D15_R1.trim.fastq.gz.fastq,large_polymerase_protein N23D,9686,2.08,N23D,large_polymerase_protein,A67G,A to G,nonsynonymous SNV,48,15
279D15_R1.trim.fastq.gz.fastq,large_polymerase_protein L25P,9693,2,L25P,large_polymerase_protein,T74C,T to C,nonsynonymous SNV,50,15
279D15_R1.trim.fastq.gz.fastq,large_polymerase_protein Q39P,9735,1.75,Q39P,large_polymerase_protein,A116C,A to C,nonsynonymous SNV,57,15
279D15_R1.trim.fastq.gz.fastq,large_polymerase_protein I49N,9765,1.82,I49N,large_polymerase_protein,T146A,T to A,nonsynonymous SNV,55,15
279D15_R1.trim.fastq.gz.fastq,large_polymerase_protein L133L,10018,1.67,L133L,large_polymerase_protein,T399C,T to C,synonymous SNV,60,15
279D15_R1.trim.fastq.gz.fastq,large_polymerase_protein E199D,10216,2.7,E199D,large_polymerase_protein,A597T,A to T,nonsynonymous SNV,37,15
279D15_R1.trim.fastq.gz.fastq,large_polymerase_protein H307Y,10538,1.96,H307Y,large_polymerase_protein,C919T,C to T,nonsynonymous SNV,51,15
279D15_R1.trim.fastq.gz.fastq,large_polymerase_protein G347R,10658,1.39,G347R,large_polymerase_protein,G1039A,G to A,nonsynonymous SNV,72,15
279D15_R1.trim.fastq.gz.fastq,large_polymerase_protein P481S,11060,1.82,P481S,large_polymerase_protein,C1441T,C to T,nonsynonymous SNV,55,15
279D15_R1.trim.fastq.gz.fastq,large_polymerase_protein E494A,11100,2,E494A,large_polymerase_protein,A1481C,A to C,nonsynonymous SNV,50,15
279D15_R1.trim.fastq.gz.fastq,large_polymerase_protein A555D,11283,1.25,A555D,large_polymerase_protein,C1664A,C to A,nonsynonymous SNV,80,15
279D15_R1.trim.fastq.gz.fastq,large_polymerase_protein K615N,11464,27.91,K615N,large_polymerase_protein,A1845C,A to C,nonsynonymous SNV,87,15
279D15_R1.trim.fastq.gz.fastq,large_polymerase_protein Y633C,11517,5.77,Y633C,large_polymerase_protein,A1898G,A to G,nonsynonymous SNV,52,15
279D15_R1.trim.fastq.gz.fastq,large_polymerase_protein W695L,11703,1.41,W695L,large_polymerase_protein,G2084T,G to T,complex,71,15
279D15_R1.trim.fastq.gz.fastq,large_polymerase_protein W695C,11704,1.37,W695C,large_polymerase_protein,G2085T,G to T,complex,73,15
279D15_R1.trim.fastq.gz.fastq,large_polymerase_protein E802D,12025,2.5,E802D,large_polymerase_protein,A2406T,A to T,nonsynonymous SNV,40,15
279D15_R1.trim.fastq.gz.fastq,large_polymerase_protein I805L,12032,2.13,I805L,large_polymerase_protein,A2413T,A to T,nonsynonymous SNV,47,15
279D15_R1.trim.fastq.gz.fastq,large_polymerase_protein L891L,12290,1.56,L891L,large_polymerase_protein,C2671T,C to T,synonymous SNV,64,15
279D15_R1.trim.fastq.gz.fastq,large_polymerase_protein Y985D,12572,2.38,Y985D,large_polymerase_protein,T2953G,T to G,nonsynonymous SNV,42,15
279D15_R1.trim.fastq.gz.fastq,large_polymerase_protein I1023I,12688,2.17,I1023I,large_polymerase_protein,C3069T,C to T,synonymous SNV,46,15
279D15_R1.trim.fastq.gz.fastq,large_polymerase_protein I1322M,13585,2.82,I1322M,large_polymerase_protein,A3966G,A to G,nonsynonymous SNV,71,15
279D15_R1.trim.fastq.gz.fastq,large_polymerase_protein L1347F,13660,1.64,L1347F,large_polymerase_protein,A4041C,A to C,nonsynonymous SNV,61,15
279D15_R1.trim.fastq.gz.fastq,large_polymerase_protein R1349R,13664,1.56,R1349R,large_polymerase_protein,A4045C,A to C,synonymous SNV,64,15
279D15_R1.trim.fastq.gz.fastq,large_polymerase_protein N1402D,13823,5.13,N1402D,large_polymerase_protein,A4204G,A to G,nonsynonymous SNV,39,15
279D15_R1.trim.fastq.gz.fastq,large_polymerase_protein Q1415H,13864,2.38,Q1415H,large_polymerase_protein,G4245T,G to T,nonsynonymous SNV,42,15
279D15_R1.trim.fastq.gz.fastq,large_polymerase_protein A1492A,14095,2.7,A1492A,large_polymerase_protein,A4476G,A to G,synonymous SNV,37,15
279D15_R1.trim.fastq.gz.fastq,large_polymerase_protein T1564A,14309,1.92,T1564A,large_polymerase_protein,A4690G,A to G,nonsynonymous SNV,52,15
279D15_R1.trim.fastq.gz.fastq,large_polymerase_protein R1610K,14448,4.08,R1610K,large_polymerase_protein,G4829A,G to A,nonsynonymous SNV,49,15
279D15_R1.trim.fastq.gz.fastq,large_polymerase_protein N1621D,14480,1.89,N1621D,large_polymerase_protein,A4861G,A to G,nonsynonymous SNV,53,15
279D15_R1.trim.fastq.gz.fastq,large_polymerase_protein R1623R,14488,2.27,R1623R,large_polymerase_protein,T4869A,T to A,synonymous SNV,44,15
279D15_R1.trim.fastq.gz.fastq,large_polymerase_protein V1834G,15120,2.17,V1834G,large_polymerase_protein,T5501G,T to G,nonsynonymous SNV,92,15
279D15_R1.trim.fastq.gz.fastq,large_polymerase_protein I1942T,15444,1.25,I1942T,large_polymerase_protein,T5825C,T to C,nonsynonymous SNV,80,15
279D15_R1.trim.fastq.gz.fastq,large_polymerase_protein I2024V,15689,1.25,I2024V,large_polymerase_protein,A6070G,A to G,nonsynonymous SNV,80,15
279D15_R1.trim.fastq.gz.fastq,large_polymerase_protein I2062I,15805,2.74,I2062I,large_polymerase_protein,C6186T,C to T,synonymous SNV,73,15
279D15_R1.trim.fastq.gz.fastq,large_polymerase_protein L2063L,15808,1.39,L2063L,large_polymerase_protein,T6189G,T to G,synonymous SNV,72,15
279D15_R1.trim.fastq.gz.fastq,large_polymerase_protein H2078P,15852,1.67,H2078P,large_polymerase_protein,A6233C,A to C,nonsynonymous SNV,60,15
279D15_R1.trim.fastq.gz.fastq,large_polymerase_protein S2111P,15950,3.03,S2111P,large_polymerase_protein,T6331C,T to C,nonsynonymous SNV,66,15
279D15_R1.trim.fastq.gz.fastq,large_polymerase_protein G2112R,15953,1.59,G2112R,large_polymerase_protein,G6334A,G to A,nonsynonymous SNV,63,15
279D15_R1.trim.fastq.gz.fastq,large_polymerase_protein Y687X,11680,1.25,Y687X,large_polymerase_protein,C2061A,C to A,stopgain,80,15
279D15_R1.trim.fastq.gz.fastq,large_polymerase_protein E822X,12083,1.67,E822X,large_polymerase_protein,G2464T,G to T,stopgain,60,15
279D15_R1.trim.fastq.gz.fastq,large_polymerase_protein S1300X,13518,1.64,S1300X,large_polymerase_protein,C3899A,C to A,stopgain,61,15
279D15_R1.trim.fastq.gz.fastq,large_polymerase_protein W1495X,14104,2.5,W1495X,large_polymerase_protein,G4485A,G to A,stopgain,40,15
473D5_R1.trim.fastq.gz.fastq,nucleoprotein_N L4H,42,1.18,L4H,nucleoprotein_N,T11A,T to A,nonsynonymous SNV,85,5
473D5_R1.trim.fastq.gz.fastq,nucleoprotein_N S107C,350,1.23,S107C,nucleoprotein_N,A319T,A to T,nonsynonymous SNV,81,5
473D5_R1.trim.fastq.gz.fastq,nucleoprotein_N L147M,470,1.56,L147M,nucleoprotein_N,T439A,T to A,nonsynonymous SNV,64,5
473D5_R1.trim.fastq.gz.fastq,nucleoprotein_N L178P,564,1.02,L178P,nucleoprotein_N,T533C,T to C,nonsynonymous SNV,98,5
473D5_R1.trim.fastq.gz.fastq,nucleoprotein_N A184A,583,1.01,A184A,nucleoprotein_N,T552G,T to G,synonymous SNV,99,5
473D5_R1.trim.fastq.gz.fastq,nucleoprotein_N P185P,586,1.06,P185P,nucleoprotein_N,T555G,T to G,synonymous SNV,94,5
473D5_R1.trim.fastq.gz.fastq,nucleoprotein_N S191L,603,1.06,S191L,nucleoprotein_N,C572T,C to T,nonsynonymous SNV,94,5
473D5_R1.trim.fastq.gz.fastq,nucleoprotein_N K198N,625,1.18,K198N,nucleoprotein_N,G594T,G to T,nonsynonymous SNV,85,5
473D5_R1.trim.fastq.gz.fastq,nucleoprotein_N Y199D,626,1.22,Y199D,nucleoprotein_N,T595G,T to G,nonsynonymous SNV,82,5
473D5_R1.trim.fastq.gz.fastq,nucleoprotein_N L216F,677,2.47,L216F,nucleoprotein_N,C646T,C to T,nonsynonymous SNV,81,5
473D5_R1.trim.fastq.gz.fastq,nucleoprotein_N I223V,698,1.43,I223V,nucleoprotein_N,A667G,A to G,nonsynonymous SNV,70,5
473D5_R1.trim.fastq.gz.fastq,nucleoprotein_N R242L,756,1.32,R242L,nucleoprotein_N,G725T,G to T,nonsynonymous SNV,76,5
473D5_R1.trim.fastq.gz.fastq,nucleoprotein_N F269L,838,1.37,F269L,nucleoprotein_N,C807A,C to A,nonsynonymous SNV,73,5
473D5_R1.trim.fastq.gz.fastq,nucleoprotein_N L331V,1022,2.44,L331V,nucleoprotein_N,T991G,T to G,nonsynonymous SNV,41,5
473D5_R1.trim.fastq.gz.fastq,nucleoprotein_N G365V,1125,2.17,G365V,nucleoprotein_N,G1094T,G to T,nonsynonymous SNV,46,5
473D5_R1.trim.fastq.gz.fastq,nucleoprotein_N K413T,1269,2.44,K413T,nucleoprotein_N,A1238C,A to C,nonsynonymous SNV,41,5
473D5_R1.trim.fastq.gz.fastq,nucleoprotein_N K436E,1337,5.56,K436E,nucleoprotein_N,A1306G,A to G,nonsynonymous SNV,36,5
473D5_R1.trim.fastq.gz.fastq,nucleoprotein_N E458V,1404,3.57,E458V,nucleoprotein_N,A1373T,A to T,nonsynonymous SNV,28,5
473D5_R1.trim.fastq.gz.fastq,nucleoprotein_N V463A,1419,4.55,V463A,nucleoprotein_N,T1388C,T to C,nonsynonymous SNV,22,5
473D5_R1.trim.fastq.gz.fastq,phosphoprotein_P E31G,1660,1.05,E31G,phosphoprotein_P,A92G,A to G,nonsynonymous SNV,191,5
473D5_R1.trim.fastq.gz.fastq,phosphoprotein_P R40P,1687,1.74,R40P,phosphoprotein_P,G119C,G to C,nonsynonymous SNV,172,5
473D5_R1.trim.fastq.gz.fastq,phosphoprotein_P L190L,2138,1.01,L190L,phosphoprotein_P,G570A,G to A,synonymous SNV,99,5
473D5_R1.trim.fastq.gz.fastq,phosphoprotein_P S227P,2247,1.33,S227P,phosphoprotein_P,T679C,T to C,nonsynonymous SNV,75,5
473D5_R1.trim.fastq.gz.fastq,phosphoprotein_P S247P,2307,1.08,S247P,phosphoprotein_P,T739C,T to C,nonsynonymous SNV,93,5
473D5_R1.trim.fastq.gz.fastq,phosphoprotein_P N249H,2313,1.11,N249H,phosphoprotein_P,A745C,A to C,complex,90,5
473D5_R1.trim.fastq.gz.fastq,phosphoprotein_P N249K,2315,1.12,N249K,phosphoprotein_P,T747G,T to G,complex,89,5
473D5_R1.trim.fastq.gz.fastq,phosphoprotein_P G250C,2316,1.15,G250C,phosphoprotein_P,G748T,G to T,nonsynonymous SNV,87,5
473D5_R1.trim.fastq.gz.fastq,phosphoprotein_P K296N,2456,2.3,K296N,phosphoprotein_P,G888T,G to T,nonsynonymous SNV,87,5
473D5_R1.trim.fastq.gz.fastq,phosphoprotein_P E327G,2548,1.45,E327G,phosphoprotein_P,A980G,A to G,nonsynonymous SNV,69,5
473D5_R1.trim.fastq.gz.fastq,phosphoprotein_P L342I,2592,1.47,L342I,phosphoprotein_P,C1024A,C to A,nonsynonymous SNV,68,5
473D5_R1.trim.fastq.gz.fastq,phosphoprotein_P D347N,2607,1.37,D347N,phosphoprotein_P,G1039A,G to A,nonsynonymous SNV,73,5
473D5_R1.trim.fastq.gz.fastq,phosphoprotein_P L437L,2879,4.88,L437L,phosphoprotein_P,C1311T,C to T,synonymous SNV,41,5
473D5_R1.trim.fastq.gz.fastq,matrix_protein_M P23P,3268,1.89,P23P,matrix_protein_M,C69A,C to A,synonymous SNV,53,5
473D5_R1.trim.fastq.gz.fastq,matrix_protein_M F54F,3361,1.85,F54F,matrix_protein_M,T162C,T to C,synonymous SNV,54,5
473D5_R1.trim.fastq.gz.fastq,matrix_protein_M L90F,3469,2.04,L90F,matrix_protein_M,A270C,A to C,nonsynonymous SNV,49,5
473D5_R1.trim.fastq.gz.fastq,matrix_protein_M K126T,3576,2.78,K126T,matrix_protein_M,A377C,A to C,nonsynonymous SNV,36,5
473D5_R1.trim.fastq.gz.fastq,matrix_protein_M G132R,3593,2.7,G132R,matrix_protein_M,G394C,G to C,nonsynonymous SNV,37,5
473D5_R1.trim.fastq.gz.fastq,matrix_protein_M G169R,3704,5.71,G169R,matrix_protein_M,G505C,G to C,nonsynonymous SNV,35,5
473D5_R1.trim.fastq.gz.fastq,matrix_protein_M V247L,3938,2.63,V247L,matrix_protein_M,G739T,G to T,nonsynonymous SNV,38,5
473D5_R1.trim.fastq.gz.fastq,matrix_protein_M A269S,4004,1.89,A269S,matrix_protein_M,G805T,G to T,nonsynonymous SNV,53,5
473D5_R1.trim.fastq.gz.fastq,matrix_protein_M V303V,4108,2.38,V303V,matrix_protein_M,A909C,A to C,synonymous SNV,42,5
473D5_R1.trim.fastq.gz.fastq,fusion_protein_F P12P,4738,4.35,P12P,fusion_protein_F,A36C,A to C,synonymous SNV,23,5
473D5_R1.trim.fastq.gz.fastq,fusion_protein_F T15P,4745,7.69,T15P,fusion_protein_F,A43C,A to C,nonsynonymous SNV,14,5
473D5_R1.trim.fastq.gz.fastq,fusion_protein_F Q16P,4749,9.09,Q16P,fusion_protein_F,A47C,A to C,nonsynonymous SNV,12,5
473D5_R1.trim.fastq.gz.fastq,fusion_protein_F Q17H,4753,7.69,Q17H,fusion_protein_F,A51C,A to C,nonsynonymous SNV,14,5
473D5_R1.trim.fastq.gz.fastq,fusion_protein_F Q22H,4768,5.88,Q22H,fusion_protein_F,A66C,A to C,nonsynonymous SNV,17,5
473D5_R1.trim.fastq.gz.fastq,fusion_protein_F H23P,4770,7.69,H23P,fusion_protein_F,A68C,A to C,nonsynonymous SNV,13,5
473D5_R1.trim.fastq.gz.fastq,fusion_protein_F S24R,4774,7.14,S24R,fusion_protein_F,T72G,T to G,nonsynonymous SNV,14,5
473D5_R1.trim.fastq.gz.fastq,fusion_protein_F S396S,5890,3.03,S396S,fusion_protein_F,A1188T,A to T,synonymous SNV,33,5
473D5_R1.trim.fastq.gz.fastq,fusion_protein_F M487L,6161,3.85,M487L,fusion_protein_F,A1459T,A to T,nonsynonymous SNV,26,5
473D5_R1.trim.fastq.gz.fastq,fusion_protein_F A500V,6201,4.76,A500V,fusion_protein_F,C1499T,C to T,nonsynonymous SNV,21,5
473D5_R1.trim.fastq.gz.fastq,fusion_protein_F S611R,6535,6.67,S611R,fusion_protein_F,C1833G,C to G,nonsynonymous SNV,15,5
473D5_R1.trim.fastq.gz.fastq,hemagglutinin_protein_H L2P,6851,5.56,L2P,hemagglutinin_protein_H,T5C,T to C,nonsynonymous SNV,18,5
473D5_R1.trim.fastq.gz.fastq,hemagglutinin_protein_H Y4H,6856,4.17,Y4H,hemagglutinin_protein_H,T10C,T to C,nonsynonymous SNV,24,5
473D5_R1.trim.fastq.gz.fastq,hemagglutinin_protein_H D14D,6888,3.45,D14D,hemagglutinin_protein_H,T42C,T to C,synonymous SNV,29,5
473D5_R1.trim.fastq.gz.fastq,hemagglutinin_protein_H A18A,6900,2.86,A18A,hemagglutinin_protein_H,T54C,T to C,synonymous SNV,35,5
473D5_R1.trim.fastq.gz.fastq,hemagglutinin_protein_H L23L,6915,2.7,L23L,hemagglutinin_protein_H,G69C,G to C,synonymous SNV,37,5
473D5_R1.trim.fastq.gz.fastq,hemagglutinin_protein_H R34I,6947,2.27,R34I,hemagglutinin_protein_H,G101T,G to T,nonsynonymous SNV,44,5
473D5_R1.trim.fastq.gz.fastq,hemagglutinin_protein_H Y37Y,6957,2.27,Y37Y,hemagglutinin_protein_H,T111C,T to C,synonymous SNV,44,5
473D5_R1.trim.fastq.gz.fastq,hemagglutinin_protein_H M68K,7049,3.57,M68K,hemagglutinin_protein_H,T203A,T to A,nonsynonymous SNV,28,5
473D5_R1.trim.fastq.gz.fastq,hemagglutinin_protein_H I140V,7264,4.76,I140V,hemagglutinin_protein_H,A418G,A to G,nonsynonymous SNV,21,5
473D5_R1.trim.fastq.gz.fastq,hemagglutinin_protein_H G190G,7416,12.5,G190G,hemagglutinin_protein_H,A570T,A to T,synonymous SNV,8,5
473D5_R1.trim.fastq.gz.fastq,hemagglutinin_protein_H I347V,7885,7.14,I347V,hemagglutinin_protein_H,A1039G,A to G,nonsynonymous SNV,14,5
473D5_R1.trim.fastq.gz.fastq,hemagglutinin_protein_H P429S,8131,4.35,P429S,hemagglutinin_protein_H,C1285T,C to T,nonsynonymous SNV,23,5
473D5_R1.trim.fastq.gz.fastq,hemagglutinin_protein_H I522I,8412,4.55,I522I,hemagglutinin_protein_H,A1566C,A to C,synonymous SNV,22,5
473D5_R1.trim.fastq.gz.fastq,V_protein_ribosomal_slippage E31G,1660,1.05,E31G,V_protein_ribosomal_slippage,A92G,A to G,nonsynonymous SNV,191,5
473D5_R1.trim.fastq.gz.fastq,V_protein_ribosomal_slippage R40P,1687,1.74,R40P,V_protein_ribosomal_slippage,G119C,G to C,nonsynonymous SNV,172,5
473D5_R1.trim.fastq.gz.fastq,V_protein_ribosomal_slippage L190L,2138,1.01,L190L,V_protein_ribosomal_slippage,G570A,G to A,synonymous SNV,99,5
473D5_R1.trim.fastq.gz.fastq,V_protein_ribosomal_slippage S227P,2247,1.33,S227P,V_protein_ribosomal_slippage,T679C,T to C,nonsynonymous SNV,75,5
473D5_R1.trim.fastq.gz.fastq,V_protein_ribosomal_slippage I17T,2307,1.08,I17T,V_protein_ribosomal_slippage,T50C,T to C,nonsynonymous SNV,93,5
473D5_R1.trim.fastq.gz.fastq,V_protein_ribosomal_slippage K19T,2313,1.11,K19T,V_protein_ribosomal_slippage,A56C,A to C,nonsynonymous SNV,90,5
473D5_R1.trim.fastq.gz.fastq,V_protein_ribosomal_slippage W20G,2315,1.12,W20G,V_protein_ribosomal_slippage,T58G,T to G,complex,89,5
473D5_R1.trim.fastq.gz.fastq,V_protein_ribosomal_slippage W20L,2316,1.15,W20L,V_protein_ribosomal_slippage,G59T,G to T,complex,87,5
473D5_R1.trim.fastq.gz.fastq,V_protein_ribosomal_slippage D67Y,2456,2.3,D67Y,V_protein_ribosomal_slippage,G199T,G to T,nonsynonymous SNV,87,5
473D5_R1.trim.fastq.gz.fastq,phosphoprotein_P E306X,2484,1.37,E306X,phosphoprotein_P,G916T,G to T,stopgain,73,5
